Control,ListTypeID,ListValue,Description,,,,
[i],ENGINE FUEL,GAS,GAS,,,,
[i],ENGINE FUEL,DIESEL,DIESEL,,,,
[i],ENGINE FUEL,NATURAL GAS,NATURAL GAS,,,,
[i],ENGINE FUEL,PROPANE,PROPANE,,,,
[i],TRANSMISSION TYPE,Automatic,Automatic,,,,
[i],TRANSMISSION TYPE,Electric,Electric,,,,
[i],TRANSMISSION TYPE,Hydrostatic,Hydrostatic,,,,
[i],TRANSMISSION TYPE,Manual,Manual,,,,
[i],TRANSMISSION TYPE,Hybrid,Hybrid,,,,
[i],BRAKE TYPE,AIR,AIR,,,,
[i],BRAKE TYPE,HYDRAULIC,HYDRAULIC,,,,
[i],BRAKE TYPE,HYDROSTATIC,HYDROSTATIC,,,,
[i],HYDRAULIC FLUID,AW32,AW32,,,,
[i],HYDRAULIC FLUID,AW10,AW10,,,,
[i],HYDRAULIC FLUID,TO4,TO5,,,,
[i],HYDRAULIC FLUID,15W-40,15W-41,,,,
[i],HYDRAULIC FLUID,UTF,UTF,,,,
[i],TRANSMISSION FLUID,Dexron IV,Dexron IV,,,,
[i],TRANSMISSION FLUID,Trans Synd,Trans Synd,,,,
[i],TRANSMISSION FLUID,UTF,UTF,,,,
[i],REAR AXLE FLUID,80W-90,80W-91,,,,
[i],REAR AXLE FLUID,75W-140 ,75W-141,,,,
[i],REAR AXLE FLUID,Synthetic,Synthetic,,,,
[i],VOLTAGE,12V,12V,,,,
[i],VOLTAGE,24V,24V,,,,
[i],VOLTAGE,120V,120V,,,,
[i],VOLTAGE,120/240V,120/240V,,,,
[i],LINE MATERIAL,Ductile Iron,Ductile Iron,,,,
[i],LINE MATERIAL,Cast Iron,Cast Iron,,,,
[i],LINE MATERIAL,Poly Vinyl Chloride,Poly Vinyl Chloride,,,,
[i],LINE MATERIAL,Clay,Clay,,,,
[i],LINE MATERIAL,Wood,Wood,,,,
[i],LINE MATERIAL,Concrete,Concrete,,,,
[i],LINE MATERIAL,Steel,Steel,,,,
[i],LINE MATERIAL,Copper,Copper,,,,
[i],LINE MATERIAL,High-Density Polyethylene,High-Density Polyethylene,,,,
[i],LINE MATERIAL,Lead,Lead,,,,
[i],LINE MATERIAL,Brass,Brass,,,,
[i],LINE MATERIAL,Galvanized Iron,Galvanized Iron,,,,
[i],LINE MATERIAL,Asbestos Cement,Asbestos Cement,,,,
[i],DISTRICT,NEWPORT NEWS,NEWPORT NEWS,,,,
[i],DISTRICT,HAMPTON,HAMPTON,,,,
[i],DISTRICT,POQUOSON,POQUOSON,,,,
[i],DISTRICT,YORK COUNTY,YORK COUNTY,,,,
[i],DISTRICT,JAMES CITY COUNTY,JAMES CITY COUNTY,,,,
[i],DISTRICT,WILLIAMSBURG,WILLIAMSBURG,,,,
[i],YES-NO,YES,YES,,,,
[i],YES-NO,NO,NO,,,,
[i],OPEN-CLOSED,OPEN,OPEN,,,,
[i],OPEN-CLOSED,CLOSED,CLOSED,,,,
[i],GATE STATUS,PERMANENT,PERMANENT,,,,
[i],GATE STATUS,TEMPORARY,TEMPORARY,,,,
[i],POND TYPE,Wet Pond,Wet Pond,,,,
[i],POND TYPE,Dry Pond,Dry Pond,,,,
[i],NR-OWNER,Waterworks,Waterworks,,,,
[i],NR-OWNER,Public Works,Public Works,,,,
[i],NR-OWNER,VDOT,VDOT,,,,
[i],WALL TYPE,Earth,Earth,,,,
[i],WALL TYPE,Rip Rap,Rip Rap,,,,
[i],WALL TYPE,Concrete,Concrete,,,,
[i],NR MATERIAL,Corrugated Metal Pipe,Corrugated Metal Pipe,,,,
[i],NR MATERIAL,Corrugated Plastic Pipe,Corrugated Plastic Pipe,,,,
[i],NR MATERIAL,Concrete,Concrete,,,,
[i],NR MATERIAL,Cast Iron,Cast Iron,,,,
[i],NR MATERIAL,Ductile Iron,Ductile Iron,,,,
[i],NR MATERIAL,Wood,Wood,,,,
[i],NR MATERIAL,PVC,PVC,,,,
[i],SITES,Mercury-LaSalle Tank,Mercury-LaSalle Tank,,,,
[i],SITES,Langley View Tank,Langley View Tank,,,,
[i],SITES,Fox Hill Tank,Fox Hill Tank,,,,
[i],SITES,Buckroe Tank,Buckroe Tank,,,,
[i],SITES,Phoebus Tank,Phoebus Tank,,,,
[i],SITES,Kingsmill Tank,Kingsmill Tank,,,,
[i],SITES,Upper York Tank,Upper York Tank,,,,
[i],SITES,Lee Hall Wellfield #1,Lee Hall Wellfield #1,,,,
[i],SITES,Lee hall Wellfield #2,Lee hall Wellfield #2,,,,
[i],SITES,Lightfoot Well #1,Lightfoot Well #1,,,,
[i],SITES,Lightfoot Well #3,Lightfoot Well #3,,,,
[i],SITES,Lightfoot Well #5,Lightfoot Well #5,,,,
[i],SITES,Jefferson Ave Pump Station,Jefferson Ave Pump Station,,,,
[i],SITES,Skiffes Creek Pump Station,Skiffes Creek Pump Station,,,,
[i],SITES,Copeland Park Pump Station,Copeland Park Pump Station,,,,
[i],SITES,Chickahominy Pump Station,Chickahominy Pump Station,,,,
[i],SITES, Little Creek Pump Station, Little Creek Pump Station,,,,
[i],SITES,Diascund Pump Station,Diascund Pump Station,,,,
[i],SITES,Maintenance and Operations Center,Maintenance and Operations Center,,,,
[i],SITES,60th St Complex,61st St Complex,,,,
[i],SITES,Lee Hall Water Treatment Plant Complex,Lee Hall Water Treatment Plant Complex,,,,
[i],SITES,Harwoods Mill Water Treatment Plant Complex,Harwoods Mill Water Treatment Plant Complex,,,,
[i],DRAIN MATERIAL,Rip Rap,Rip Rap,,,,
[i],DRAIN MATERIAL,Concrete,Concrete,,,,
[i],DRAIN MATERIAL,Earth/Vegetation,Earth/Vegetation,,,,
[i],DRAIN MATERIAL,Articulated Concrete Block,Articulated Concrete Block,,,,
[i],GATE ID,DA1,DA2,,,,
[i],GATE ID,G1,G2,,,,
[i],GATE ID, HM1, HM1,,,,
[i],GATE ID,HM2,HM2,,,,
[i],GATE ID,O1,O1,,,,
[i],GATE ID,O2,O2,,,,
[i],GATE ID,O3,O3,,,,
[i],GATE ID,O4,O4,,,,
[i],GATE ID,O5,O5,,,,
[i],GATE ID,O6,O6,,,,
[i],GATE ID,O8,O8,,,,
[i],GATE ID,O9,O9,,,,
[i],GATE ID,BU1A,BU1A,,,,
[i],GATE ID,BU1B,BU1B,,,,
[i],GATE ID,D1,D1,,,,
[i],GATE ID,D2,D2,,,,
[i],GATE ID,D3,D3,,,,
[i],GATE ID,D4,D4,,,,
[i],GATE ID,D5,D5,,,,
[i],GATE ID,D6,D6,,,,
[i],GATE ID,D7,D7,,,,
[i],GATE ID,D8,D8,,,,
[i],GATE ID,R2,R3,,,,
[i],GATE ID,R2A,R2A,,,,
[i],GATE ID,R2B,R2B,,,,
[i],GATE ID,R2C,R2C,,,,
[i],GATE ID,R2D,R2D,,,,
[i],GATE ID,R3,R3,,,,
[i],GATE ID,R4,R4,,,,
[i],GATE ID,R5,R5,,,,
[i],GATE ID,I1,I1,,,,
[i],GATE ID,I2,I2,,,,
[i],GATE ID,BRUNK'S,BRUNK'S,,,,
[i],GATE ID,F1,F1,,,,
[i],GATE ID,F2,F2,,,,
[i],GATE ID,F3,F3,,,,
[i],GATE ID,F4,F4,,,,
[i],GATE ID,F5,F5,,,,
[i],GATE ID,F6,F6,,,,
[i],GATE ID,F7,F7,,,,
[i],GATE ID,F9,F9,,,,
[i],GATE ID,W1,W1,,,,
[i],GATE ID,W2,W2,,,,
[i],GATE ID,W3,W3,,,,
[i],GATE ID,W4,W4,,,,
[i],GATE ID,W6,W6,,,,
[i],GATE ID,Y1,Y1,,,,
[i],GATE ID,Y2,Y2,,,,
[i],GATE ID,Y3,Y3,,,,
[i],GATE ID,Y4,Y4,,,,
[i],GATE ID,J1,J1,,,,
[i],GATE ID,J2,J2,,,,
[i],GATE ID,J3,J3,,,,
[i],GATE ID,C2,C2,,,,
[i],GATE ID,C3,C3,,,,
[i],GATE ID,C4,C4,,,,
[i],GATE ID,C5,C5,,,,
[i],GATE ID,C6,C6,,,,
[i],GATE ID,C7,C7,,,,
[i],GATE ID,C8,C8,,,,
[i],GATE ID,C9,C9,,,,
[i],GATE ID,C10,C10,,,,
[i],GATE ID,DO1,DO2,,,,
[i],GATE ID,M1,M1,,,,
[i],GATE ID,M2,M2,,,,
[i],GATE ID,B1,B1,,,,
[i],GATE ID,B2,B2,,,,
[i],GATE ID,OTHER,OTHER,,,,
[i],LEAF,SINGLE,SINGLE,,,,
[i],LEAF,DOUBLE,DOUBLE,,,,
[i],GATE MATERIAL,Chain Link,Chain Link,,,,
[i],GATE MATERIAL,Steel Cable,Steel Cable,,,,
[i],GATE MATERIAL,Galvanized Metal,Galvanized Metal,,,,
[i],GATE MATERIAL,Painted Metal ,Painted Metal ,,,,
[i],GATE TYPE,Cable,Cable,,,,
[i],GATE TYPE,Pipe,Pipe,,,,
[i],GATE TYPE,Flat Panel,Flat Panel,,,,
[i],GATE TYPE,Fence Gate,Fence Gate,,,,
[i],LOCK NR,2438,2438,,,,
[i],LOCK NR,17,17,,,,
[i],LOCK NR,2734,2734,,,,
[i],LOCK NR,2952,2952,,,,
[i],TR-TYPE,Firetrail,Firetrail,,,,
[i],TR-TYPE,Hiking,Hiking,,,,
[i],TR-TYPE,Mountain Bike,Mountain Bike,,,,
[i],TR-TYPE,Residuals Application Lanes,Residuals Application Lanes,,,,
[i],TR-TYPE,Residuals Trails,Residuals Trails,,,,
[i],TR-MATERIAL,Gravel,Gravel,,,,
[i],TR-MATERIAL,Earth,Earth,,,,
[i],TR-MATERIAL,Recycled Road Material,Recycled Road Material,,,,
[i],TR-MATERIAL,Recycled Concrete,Recycled Concrete,,,,
[i],USE LEVEL,HIGH,HIGH,,,,
[i],USE LEVEL,MEDIUM,MEDIUM,,,,
[i],USE LEVEL,LOW,LOW,,,,
[i],TAP SIZE,01,5/8 INCH,,,,
[i],TAP SIZE,02,3/4 INCH,,,,
[i],TAP SIZE,03,1 INCH,,,,
[i],TAP SIZE,04,1 1/2 INCH,,,,
[i],TAP SIZE,05,2 INCH,,,,
[i],TAP SIZE,06,3 INCH,,,,
[i],TAP SIZE,07,4 INCH,,,,
[i],TAP SIZE,08,6 INCH,,,,
[i],TAP SIZE,09,8 INCH,,,,
[i],TAP SIZE,10,10 INCH,,,,
[i],TAP SIZE,12,12 INCH,,,,
[i],TAP SIZE,16,16 INCH,,,,
[i],TAP STATUS,PROP,PROPOSED,,,,
[i],TAP STATUS,INST,INSTALLED,,,,
[i],TAP STATUS,ABAN,ABANDONED,,,,
[i],TAP STATUS,REMV,REMOVED,,,,
[i],JURISDICTION,Newport News,Newport News,,,,
[i],JURISDICTION,York County,York County,,,,
[i],JURISDICTION,James City County,James City County,,,,
[i],JURISDICTION,New Kent County,New Kent County,,,,
[i],JURISDICTION,Charles City County,Charles City County,,,,
[i],ACTUATOR TYPE,Manual,Manual,,,,
[i],ACTUATOR TYPE,Electric,Electric,,,,
[i],ACTUATOR TYPE,Hydraulic,Hydraulic,,,,
[i],ACTUATOR TYPE,Pneumatic,Pneumatic,,,,
[i],ACTUATOR TYPE,Portable,Portable,,,,
[i],ACTUATOR TYPE,Water,Water,,,,
[i],DRYER TYPE,Refrigerated,Refrigerated,,,,
[i],DRYER TYPE,Desiccant,Desiccant,,,,
[i],DRYER TYPE,Dehumidifier,Dehumidifier,,,,
[i],AUTOSM TYPE,Refrigerated,Refrigerated,,,,
[i],AUTOSM TYPE,Portable,Portable,,,,
[i],BACKFL USER,Hydrant Meter,Hydrant Meter,,,,
[i],BACKFL USER, Facilities Processes, Facilities Processes,,,,
[i],BACKFL USER,Customer,Customer,,,,
[i],BACKFLOW TYPE,SCDA,SCDA,,,,
[i],BACKFLOW TYPE,DCDA,DCDA,,,,
[i],BACKFLOW TYPE,RPZ,RPZ,,,,
[i],BACKFLOW TYPE,CHECK,CHECK,,,,
[i],BACKFLOW TYPE,AIRGAP,AIRGAP,,,,
[i],BACKFLOW TYPE,NONE,NONE,,,,
[i],BENCH TOP TYPE,pH,pH,,,,
[i],BENCH TOP TYPE,Turbidity,Turbidity,,,,
[i],BENCH TOP TYPE,Dissolved Oxygen,Dissolved Oxygen,,,,
[i],BENCH TOP TYPE,Chlorine,Chlorine,,,,
[i],BENCH TOP TYPE,Conductivity,Conductivity,,,,
[i],BENCH TOP TYPE,Ozone,Ozone,,,,
[i],BENCH TOP TYPE,Fluoride,Fluoride,,,,
[i],BENCH TOP TYPE,Ammonia,Ammonia,,,,
[i],BENCH TOP FP,Fixed,Fixed,,,,
[i],BENCH TOP FP,Portable,Portable,,,,
[i],BENCH TOP SERVICE ,In House,In House,,,,
[i],BENCH TOP SERVICE ,Contractor,Contractor,,,,
[i],BLOWER TYPE,Positive Displacement,Positive Displacement,,,,
[i],BLOWER TYPE,Centrifugal,Centrifugal,,,,
[i],BLOWER TYPE,Radial,Radial,,,,
[i],BLOWER TYPE,Side Channel,Side Channel,,,,
[i],BLOWER TYPE,Oil Free,Oil Free,,,,
[i],DRIVE TYPE,Closed Coupled,Closed Coupled,,,,
[i],DRIVE TYPE,Sheave,Sheave,,,,
[i],SEAL TYPE,Packing,Packing,,,,
[i],SEAL TYPE, Mechanical, Mechanical,,,,
[i],BOILER TYPE,Gas,Gas,,,,
[i],BOILER TYPE,Electric,Electric,,,,
[i],BOILER TYPE,Oil,Oil,,,,
[i],BOILER TYPE,Propane,Propane,,,,
[i],BOILER TYPE,Diesel,Diesel,,,,
[i],CONSTRUCTION TYPE,Concrete,Concrete,,,,
[i],CONSTRUCTION TYPE,Wood Framed,Wood Framed,,,,
[i],CONSTRUCTION TYPE,Brick/Block,Brick/Block,,,,
[i],CONSTRUCTION TYPE,Steel Frame,Steel Frame,,,,
[i],CONSTRUCTION TYPE,Siding,Siding,,,,
[i],ROOF TYPE,Metal,Metal,,,,
[i],ROOF TYPE,Membrane,Membrane,,,,
[i],ROOF TYPE,Shingle,Shingle,,,,
[i],ROOF TYPE,None,None,,,,
[i],BLDGST FUNCTION,Admin,Admin,,,,
[i],BLDGST FUNCTION,Storage,Storage,,,,
[i],BLDGST FUNCTION,process,process,,,,
[i],BLDGST FUNCTION,Weather Protection,Weather Protection,,,,
[i],BLDGST HVAC TYPE,Heat,Heat,,,,
[i],BLDGST HVAC TYPE,Ventilation (Exhaust Fan),Ventilation (Exhaust Fan),,,,
[i],BLDGST HVAC TYPE,Air Conditioning,Air Conditioning,,,,
[i],BLDGST HVAC TYPE,Dehumidification,Dehumidification,,,,
[i],BLDGST HVAC TYPE,None,None,,,,
[i],BLDGST ELECTRICAL,Metered,Metered,,,,
[i],BLDGST ELECTRICAL,Sub-Fed,Sub-Fed,,,,
[i],BLDGST ELECTRICAL,None,None,,,,
[i],FIRE SUPRESS YPE,Portable Extinguisher,Portable Extinguisher,,,,
[i],FIRE SUPRESS YPE,Sprinklers,Sprinklers,,,,
[i],FIRE SUPRESS YPE,Dry Agent,Dry Agent,,,,
[i],FIRE SUPRESS YPE,None,None,,,,
[i],BLDGST UTILITIES,Water,Water,,,,
[i],BLDGST UTILITIES,Sewer,Sewer,,,,
[i],BLDGST UTILITIES,Cable,Cable,,,,
[i],BLDGST UTILITIES,Phone,Phone,,,,
[i],BLDGST UTILITIES,Network,Network,,,,
[i],BLDGST UTILITIES,Electrical Power,Electrical Power,,,,
[i],ACCESS TYPE,Keyed ,Keyed ,,,,
[i],ACCESS TYPE,Card Reader,Card Reader,,,,
[i],ACCESS TYPE,None,None,,,,
[i],BLDGST LEVEL NO,1,1,,,,
[i],BLDGST LEVEL NO,2,2,,,,
[i],BLDGST LEVEL NO,3,3,,,,
[i],BLDGST LEVEL NO,4,4,,,,
[i],CLARIFIER TYPE,Super Pulsator,Super Pulsator,,,,
[i],CLARIFIER TYPE,DAF,DAF,,,,
[i],CLARIFIER TYPE,Gravity,Gravity,,,,
[i],CLARFR MATERIAL,Steel,Steel,,,,
[i],CLARFR MATERIAL, Concrete, Concrete,,,,
[i],PROTECTION SYSTEM,Tank,Tank,,,,
[i],PROTECTION SYSTEM,Pipe,Pipe,,,,
[i],SYSTEM TYPE,Active,Active,,,,
[i],SYSTEM TYPE,Passive,Passive,,,,
[i],CRANE TYPE,Gantry,Gantry,,,,
[i],CRANE TYPE,Monorail,Monorail,,,,
[i],CRANE TYPE,Jib,Jib,,,,
[i],CRANE TYPE,Autocrane,Autocrane,,,,
[i],CRANE TYPE,Bridge,Bridge,,,,
[i],CRANE OPERATED,Manual,Manual,,,,
[i],CRANE OPERATED,Electrical ,Electrical ,,,,
[i],DAMS MATERIAL,Earthen,Earthen,,,,
[i],DAMS MATERIAL,Steel,Steel,,,,
[i],DAMS MATERIAL,Concrete,Concrete,,,,
[i],HAZARD CLASS,High,High,,,,
[i],HAZARD CLASS,Significant,Significant,,,,
[i],HAZARD CLASS,Low,Low,,,,
[i],HAZARD CLASS,Low-Special,Low-Special,,,,
[i],DISTILLER TYPE,Type 1,Type 1,,,,
[i],DISTILLER TYPE,Type 2,Type 2,,,,
[i],DISTILLER TYPE,RO,RO,,,,
[i],DISTILLER TYPE,Still,Still,,,,
[i],DUCT BANK TYPE,Communications,Communications,,,,
[i],DUCT BANK TYPE,Low Voltage (less than 500 volts),Low Voltage (less than 500 volts),,,,
[i],DUCT BANK TYPE,High Voltage (500 or greater),High Voltage (500 or greater),,,,
[i],CONDUIT MATERIAL,PVC,PVC,,,,
[i],CONDUIT MATERIAL,Galvanized,Galvanized,,,,
[i],CONDUIT MATERIAL, PVC Coated Steel, PVC Coated Steel,,,,
[i],CONDUIT MATERIAL,Aluminum,Aluminum,,,,
[i],MATERIAL CLASS,Schedule 40,Schedule 40,,,,
[i],MATERIAL CLASS,Schedule 80,Schedule 80,,,,
[i],MATERIAL CLASS,Schedule 120,Schedule 120,,,,
[i],DUSTCL TYPE,Inertial Separators,Inertial Separators,,,,
[i],DUSTCL TYPE,Fabric Filters,Fabric Filters,,,,
[i],DUSTCL TYPE,Wet Scrubbers,Wet Scrubbers,,,,
[i],DUSTCL TYPE,Electrostatic Precipitators,Electrostatic Precipitators,,,,
[i],DUSTCL TYPE,Unit Collectors,Unit Collectors,,,,
[i],DUSTCL METHOD ,Automatic,Automatic,,,,
[i],DUSTCL METHOD ,Manual,Manual,,,,
[i],DUSTCL BAG ,Paper,Paper,,,,
[i],DUSTCL BAG ,Cloth,Cloth,,,,
[i],ELEVATOR TYPE,Hydraulic,Hydraulic,,,,
[i],ELEVATOR TYPE,Electric,Electric,,,,
[i],ELEVATOR TYPE,Cable Winch,Cable Winch,,,,
[i],FAN TYPE,Axial,Axial,,,,
[i],FAN TYPE,Centrifugal,Centrifugal,,,,
[i],FAN DRIVER TYPE,Direct Driver,Direct Driver,,,,
[i],FAN DRIVER TYPE,Belt Driver,Belt Driver,,,,
[i],MODE OF OPERATION,Thermostat,Thermostat,,,,
[i],MODE OF OPERATION,Switch,Switch,,,,
[i],MODE OF OPERATION,Auto,Auto,,,,
[i],MODE OF OPERATION,Remote,Remote,,,,
[i],FENCING HEIGHT,4,4,,,,
[i],FENCING HEIGHT,6,6,,,,
[i],FENCING HEIGHT,8,8,,,,
[i],FENCING HEIGHT,10,10,,,,
[i],FENCING HEIGHT,12,12,,,,
[i],FENCING MATERIAL,Chain Link,Chain Link,,,,
[i],FENCING MATERIAL,Wood,Wood,,,,
[i],FENCING MATERIAL,Steel,Steel,,,,
[i],GATES LEAF,Single,Single,,,,
[i],GATES LEAF,Double ,Double ,,,,
[i],GATES MATERIAL,Chain Link,Chain Link,,,,
[i],GATES MATERIAL,Wood,Wood,,,,
[i],GANERATOR TYPE,Stationary,Stationary,,,,
[i],GANERATOR TYPE,Portable,Portable,,,,
[i],HVAC TYPE,Package AC Unit,Package AC Unit,,,,
[i],HVAC TYPE,Air Handler,Air Handler,,,,
[i],HVAC TYPE,AC Evaporator,AC Evaporator,,,,
[i],HVAC TYPE,Heat Pumps,Heat Pumps,,,,
[i],HVAC TYPE,Condenser,Condenser,,,,
[i],HVAC COMPRESSOR,Scroll,Scroll,,,,
[i],HVAC COMPRESSOR,Hermetic,Hermetic,,,,
[i],HVAC COMPRESSOR,Semi-Hermetic,Semi-Hermetic,,,,
[i],HVAC COMPRESSOR,Reciprocating,Reciprocating,,,,
[i],HVAC COMPRESSOR,Pressure,Pressure,,,,
[i],HVAC COMPRESSOR,Temperature,Temperature,,,,
[i],HVAC COMPRESSOR,Flow,Flow,,,,
[i],HVAC COMPRESSOR,Level,Level,,,,
[i],HVAC COMPRESSOR,Weight,Weight,,,,
[i],MIXER TYPE,Static,Static,,,,
[i],MIXER TYPE,Vertical,Vertical,,,,
[i],MIXER TYPE,Horizontal,Horizontal,,,,
[i],WELL MONITORED ,Waterworks,Waterworks,,,,
[i],WELL MONITORED ,DEQ,DEQ,,,,
[i],WELL MONITORED ,USGS,USGS,,,,
[i],CASTING MATERIAL,Galvanized,AC,,,,
[i],CASTING MATERIAL,PVC,DC,,,,
[i],CASTING MATERIAL,Steel,Synchronous,,,,
[i],CASTING MATERIAL,Cast Iron,Asynchronous,,,,
[i],MOTOR TYPE,AC,AC,,,,
[i],MOTOR TYPE,DC,DC,,,,
[i],MOTOR TYPE,Synchronous,Synchronous,,,,
[i],MOTOR TYPE,Asynchronous,Asynchronous,,,,
[i],MOTOR PHASE,1,1,,,,
[i],MOTOR PHASE,3,3,,,,
[i],MCC ARC FLASH,0,0,,,,
[i],MCC ARC FLASH,1,1,,,,
[i],MCC ARC FLASH,2,2,,,,
[i],MCC ARC FLASH,3,3,,,,
[i],MCC ARC FLASH,4,4,,,,
[i],OIL SOURCE,HM Generator Facility,HM Generator Facility,,,,
[i],OIL SOURCE,Vehicle Shop,Vehicle Shop,,,,
[i],OIL SOURCE, MOC Wash Rack, MOC Wash Rack,,,,
[i],PARKING LOT ,Asphalt,Asphalt,,,,
[i],PARKING LOT ,Concrete,Concrete,,,,
[i],PARKING LOT ,Stone,Stone,,,,
[i],PARKING LOT ,Dirt,Dirt,,,,
[i],POWER PHASE,1,1,,,,
[i],POWER PHASE,3,3,,,,
[i],PRCFIL MEDIA TYPE,Sand/Anthracite,Sand/Anthracite,,,,
[i],PRCFIL MEDIA TYPE,Sand/GAC,Sand/GAC,,,,
[i],PRCFIL MEDIA TYPE,Tri-media,Tri-media,,,,
[i],PRCFIL MEDIA TYPE,Pressure,Pressure,,,,
[i],PRCFIL MEDIA TYPE,Gravity,Gravity,,,,
[i],PRCGT TYPE,Sluice,Sluice,,,,
[i],PRCGT TYPE,Slide,Slide,,,,
[i],PRCGT TYPE,Stop Log,Stop Log,,,,
[i],PRCGT TYPE,Weir,Weir,,,,
[i],PRCGT MATERIAL,Cast Iron,Cast Iron,,,,
[i],PRCGT MATERIAL,Stainless Steel,Stainless Steel,,,,
[i],PRCGT MATERIAL,Aluminum,Aluminum,,,,
[i],PRCGT MATERIAL,Fiberglass,Fiberglass,,,,
[i],STEM MATERIAL,Stainless Steel,Stainless Steel,,,,
[i],STEM MATERIAL,Bronze,Bronze,,,,
[i],STEM MATERIAL,Brass,Brass,,,,
[i],STEM MATERIAL,Steel,Steel,,,,
[i],STEM MATERIAL,Aluminum,Aluminum,,,,
[i],STEM PITCH,Single,Single,,,,
[i],STEM PITCH,Double,Double,,,,
[i],WELL MONITORED BY ,Waterworks,Waterworks,,,,
[i],WELL MONITORED BY ,DEQ,DEQ,,,,
[i],WELL MONITORED BY ,USGS,USGS,,,,
[i],CASING MATERIAL,Metal ,Metal ,,,,
[i],CASING MATERIAL,PVC,PVC,,,,
[i],AQUIFER,Upper Potomac,Upper Potomac,,,,
[i],AQUIFER,Middle Potomac,Middle Potomac,,,,
[i],AQUIFER,Chickahominy-Piney Point,Chickahominy-Piney Point,,,,
[i],RAWH2O SCREEN TYPE,Travelling,Travelling,,,,
[i],RAWH2O SCREEN TYPE,Barrel,Barrel,,,,
[i],RAWH2O SCREEN TYPE,Bar Rack,Bar Rack,,,,
[i],RAWH2O FENCING,Gravity,Gravity,,,,
[i],RAWH2O FENCING,Air Wash,Air Wash,,,,
[i],RAWH2O FENCING,Water Wash,Water Wash,,,,
[i],RAWH2O FENCING,Air. Water,Air. Water,,,,
[i],RAWH2O FENCING,Manual,Manual,,,,
[i],RESERVOIR TYPE,Storage,Storage,,,,
[i],RESERVOIR TYPE,Terminal,Terminal,,,,
[i],VEGETATION AREA,VM1,VM1,,,,
[i],VEGETATION AREA,VM2,VM2,,,,
[i],VEGETATION AREA,VM3,VM3,,,,
[i],VEGETATION AREA,VM4,VM4,,,,
[i],VEGETATION AREA,VM5,VM5,,,,
[i],VEGETATION AREA,VM6,VM6,,,,
[i],VEGETATION AREA,VC1,VC1,,,,
[i],VEGETATION AREA,VC2,VC2,,,,
[i],VEGETATION TYPE,Monitoring,Monitoring,,,,
[i],VEGETATION TYPE,Control ,Control ,,,,
[i],ROTAMETER TYPE,Plastic,Plastic,,,,
[i],ROTAMETER TYPE,Glass,Glass,,,,
[i],ROTAMETER TYPE,Metal,Metal,,,,
[i],ROTAMETER CARRIED ,Air,Air,,,,
[i],ROTAMETER CARRIED ,Water,Water,,,,
[i],ROTAMETER CARRIED ,Chemical,Chemical,,,,
[i],SCADA OUTPUT,4-20 mA,4-20 mA,,,,
[i],SCADA OUTPUT,0-5V,0-5V,,,,
[i],SCADA OUTPUT,0-20 mA,0-20 mA,,,,
[i],SITE ALARM TYPES ,Fire,Fire,,,,
[i],SITE ALARM TYPES ,Burglar,Burglar,,,,
[i],SITE ALARM TYPES ,Intruder,Intruder,,,,
[i],SITE ALARM TYPES ,SCADA,SCADA,,,,
[i],SITE ALARM TYPES ,none,none,,,,
[i],MAIN BREAKER TYPE,Vacuum,Vacuum,,,,
[i],MAIN BREAKER TYPE,Air,Air,,,,
[i],MAIN BREAKER FUSE TYPE,Fast Acting,Fast Acting,,,,
[i],MAIN BREAKER FUSE TYPE,Time Delay,Time Delay,,,,
[i],SWTCHG ARC FLASH ,0,0,,,,
[i],SWTCHG ARC FLASH ,1,1,,,,
[i],SWTCHG ARC FLASH ,2,2,,,,
[i],SWTCHG ARC FLASH ,3,3,,,,
[i],SWTCHG ARC FLASH ,4,4,,,,
[i],SWTCHB BREAKER,Vacuum,Vacuum,,,,
[i],SWTCHB BREAKER,Air,Air,,,,
[i],SWTCHB ARC FLASH ,0,0,,,,
[i],SWTCHB ARC FLASH ,1,1,,,,
[i],SWTCHB ARC FLASH ,2,2,,,,
[i],SWTCHB ARC FLASH ,3,3,,,,
[i],SWTCHB ARC FLASH ,4,4,,,,
[i],TRNFMR COOLING,DRY,DRY,,,,
[i],TRNFMR COOLING,LIQUID FILLED,LIQUID FILLED,,,,
[i],WTRHTR PHASE ,1,1,,,,
[i],WTRHTR PHASE ,3,3,,,,
[i],WST MATERIAL ,Steel,Steel,,,,
[i],WST MATERIAL ,Concrete,Concrete,,,,
[i],WST CONFIGURATION,Elevated,Elevated,,,,
[i],WST CONFIGURATION,Ground,Ground,,,,
[i],WEIGHT SCALE TECH,Load Cell,Load Cell,,,,
[i],WEIGHT SCALE TECH,Strain gage,Strain gage,,,,
[i],WEIGHT SCALE TECH,Spring,Spring,,,,
[i],LIGHTHING TYPE,LED,LED,,,,
[i],LIGHTHING TYPE,Fluorescent,Fluorescent,,,,
[i],LIGHTHING TYPE,Incandescent,Incandescent,,,,
[i],LIGHTHING TYPE,Metal halide,Metal halide,,,,
[i],LCINST INST TYPE,Pressure,Pressure,,,,
[i],LCINST INST TYPE,Temperature ,Temperature ,,,,
[i],LCINST INST TYPE,Flow,Flow,,,,
[i],LCINST INST TYPE,Level,Level,,,,
[i],LCINST INST TYPE,Weight,Weight,,,,
[i],PRCFIL MEDIA TYPE,Sand/Anthracite,Sand/Anthracite,,,,
[i],PRCFIL MEDIA TYPE,Sand/GAC,Sand/GAC,,,,
[i],PRCFIL MEDIA TYPE,Tri-media,Tri-media,,,,
[i],PRCFILTYPE,Pressure,Pressure,,,,
[i],PRCFILTYPE,Gravity,Gravity,,,,
[i],RESIDAPPL DESIG,PA1,PA1,,,,
[i],RESIDAPPL DESIG,PA2,PA2,,,,
[i],RESIDAPPL DESIG,PA3,PA3,,,,
[i],RESIDAPPL DESIG,PA4,PA4,,,,
[i],RESIDAPPL DESIG,PA5,PA5,,,,
[i],RESIDAPPL DESIG,PA6,PA6,,,,
[i],RESIDAPPL DESIG,PA7,PA7,,,,
[i],RESIDAPPL DESIG,PA8,PA8,,,,
[i],PLOT ID,A,A,,,,
[i],PLOT ID,B,B,,,,
[i],PLOT ID,C,C,,,,
[i],RMP AREA DESIG,PA1,PA1,,,,
[i],RMP AREA DESIG,PA2,PA2,,,,
[i],RMP AREA DESIG,PA3,PA3,,,,
[i],RMP AREA DESIG,PA4,PA4,,,,
[i],RMP AREA DESIG,PA5,PA5,,,,
[i],RMP AREA DESIG,PA6,PA6,,,,
[i],RMP AREA DESIG,PA7,PA7,,,,
[i],RMP AREA DESIG,PA8,PA8,,,,
[i],RMP VEG AREA,VM1,VM1,,,,
[i],RMP VEG AREA,VM2,VM2,,,,
[i],RMP VEG AREA,VM3,VM3,,,,
[i],RMP VEG AREA,VM4,VM4,,,,
[i],RMP VEG AREA,VM5,VM5,,,,
[i],RMP VEG AREA,VM6,VM6,,,,
[i],RMP VEG AREA,VC1,VC1,,,,
[i],RMP VEG AREA,VC2,VC2,,,,
[i],RMP VEG  TYPE,Monitoring,Monitoring,,,,
[i],RMP VEG  TYPE,Control ,Control ,,,,
[i],RMP PLOT ID,A,A,,,,
[i],RMP PLOT ID,B,B,,,,
[i],RMP PLOT ID,C,C,,,,
[i],RMP BLOCK ID,A,A,,,,
[i],RMP BLOCK ID,B,B,,,,
[i],RESIDSTORAGES,PA1,PA1,,,,
[i],RESIDSTORAGES,PA5,PA5,,,,
[i],VFD No Phases,1,1,,,,
[i],VFD No Phases,2,2,,,,
[i],SUCTION SIZE,0.5,0.5,,,,
[i],SUCTION SIZE,0.75,0.75,,,,
[i],SUCTION SIZE,1,1,,,,
[i],SUCTION SIZE,1.25,1.25,,,,
[i],SUCTION SIZE,1.5,1.5,,,,
[i],SUCTION SIZE,2,2,,,,
[i],SUCTION SIZE,2.25,2.25,,,,
[i],SUCTION SIZE,2.5,2.5,,,,
[i],SUCTION SIZE,3,3,,,,
[i],SUCTION SIZE,4,4,,,,
[i],SUCTION SIZE,6,6,,,,
[i],SUCTION SIZE,8,8,,,,
[i],SUCTION SIZE,12,12,,,,
[i],SUCTION SIZE,16,16,,,,
[i],SUCTION SIZE,20,20,,,,
[i],SUCTION SIZE,24,24,,,,
[i],SUCTION SIZE,26,26,,,,
[i],SUCTION SIZE,28,28,,,,
[i],SUCTION SIZE,32,32,,,,
[i],SUCTION SIZE,34,34,,,,
[i],SUCTION SIZE,36,36,,,,
[i],SUCTION SIZE,40,40,,,,
[i],SUCTION SIZE,42,42,,,,
[i],DISCHARGE SIZE,0.5,0.5,,,,
[i],DISCHARGE SIZE,0.75,0.75,,,,
[i],DISCHARGE SIZE,1,1,,,,
[i],DISCHARGE SIZE,1.25,1.25,,,,
[i],DISCHARGE SIZE,1.5,1.5,,,,
[i],DISCHARGE SIZE,2,2,,,,
[i],DISCHARGE SIZE,2.25,2.25,,,,
[i],DISCHARGE SIZE,2.5,2.5,,,,
[i],DISCHARGE SIZE,3,3,,,,
[i],DISCHARGE SIZE,4,4,,,,
[i],DISCHARGE SIZE,6,6,,,,
[i],DISCHARGE SIZE,8,8,,,,
[i],DISCHARGE SIZE,10,10,,,,
[i],DISCHARGE SIZE,12,12,,,,
[i],DISCHARGE SIZE,16,16,,,,
[i],DISCHARGE SIZE,20,20,,,,
[i],DISCHARGE SIZE,24,24,,,,
[i],DISCHARGE SIZE,28,28,,,,
[i],DISCHARGE SIZE,32,32,,,,
[i],DISCHARGE SIZE,36,36,,,,
[i],DISCHARGE SIZE,40,40,,,,
[i],DISCHARGE SIZE,42,42,,,,
[i],VOLTAGE,115,115,,,,
[i],VOLTAGE,208,208,,,,
[i],VOLTAGE,230,230,,,,
[i],VOLTAGE,277,277,,,,
[i],VOLTAGE,460,460,,,,
[i],VOLTAGE,2300,2300,,,,
[i],VOLTAGE,4160,4160,,,,
[i],CHEMICAL,Alum,Alum,,,,
[i],CHEMICAL,Ammonia (NH3),Ammonia (NH3),,,,
[i],CHEMICAL,Caustic Soda,Caustic Soda,,,,
[i],CHEMICAL,Chlorine,Chlorine,,,,
[i],CHEMICAL,Chlorine Hypo,Chlorine Hypo,,,,
[i],CHEMICAL,Copper Sulfate,Copper Sulfate,,,,
[i],CHEMICAL,Fluorosilicic Acid,Fluorosilicic Acid,,,,
[i],CHEMICAL,Hydrated Lime,Hydrated Lime,,,,
[i],CHEMICAL,Hydrogen Peroxide,Hydrogen Peroxide,,,,
[i],CHEMICAL,Liquid Oxygen,Liquid Oxygen,,,,
[i],CHEMICAL,Ozone,Ozone,,,,
[i],CHEMICAL,Polymer,Polymer,,,,
[i],CHEMICAL,Potassium Permanganate,Potassium Permanganate,,,,
[i],CHEMICAL,Powdered Activated Carbon,Powdered Activated Carbon,,,,
[i],CHEMICAL,RO Antiscalant,RO Antiscalant,,,,
[i],CHEMICAL,Sodium Permanganate,Sodium Permanganate,,,,
[i],CHEMICAL,Sulfuric Acid,Sulfuric Acid,,,,
[i],CHEMICAL,Zinc Orthophosphate,Zinc Orthophosphate,,,,
[i],PIPE MATERIAL,Brass,Brass,,,,
[i],PIPE MATERIAL,Copper,Copper,,,,
[i],PIPE MATERIAL,CPVC,CPVC,,,,
[i],PIPE MATERIAL,PVC,PVC,,,,
[i],PIPE MATERIAL,Stainless,Stainless,,,,
[i],PIPE MATERIAL,Black Iron,Black Iron,,,,
[i],PIPE MATERIAL,Galvanized,Galvanized,,,,
[i],PIPE MATERIAL,PVC Schedule 80,PVC Schedule 81,,,,
[i],PIPE MATERIAL,PVC C900,PVC C901,,,,
[i],PIPE MATERIAL,PVC Other,PVC Other,,,,
[i],PIPE MATERIAL,Brass,Brass,,,,
[i],PIPE MATERIAL,Lead,Lead,,,,
[i],PIPE MATERIAL,Ductile Iron,Ductile Iron,,,,
[i],PIPE MATERIAL,Cast Iron,Cast Iron,,,,
[i],PIPE MATERIAL,Steel,Steel,,,,
[i],PIPE MATERIAL,Unknown,Unknown,,,,
[i],GASKET MATERIAL,Viton,Viton,,,,
[i],GASKET MATERIAL,EPDM,EPDM,,,,
[i],GASKET MATERIAL,Teflon,Teflon,,,,
[i],GASKET MATERIAL,Lead,Lead,,,,
[i],GASKET MATERIAL,Neoprene,Neoprene,,,,
[i],GASKET MATERIAL,Nat Rubber,Nat Rubber,,,,
[i],PUMP TYPE,Horizontal Split Case Centrifugal,Horizontal Split Case Centrifugal,,,,
[i],PUMP TYPE,Vertical Centrifugal,Vertical Centrifugal,,,,
[i],PUMP TYPE,Horizontal End Suction,Horizontal End Suction,,,,
[i],PUMP TYPE,Chemical Diaphragm Metering,Chemical Diaphragm Metering,,,,
[i],PUMP TYPE,Peristaltic/Hose,Peristaltic/Hose,,,,
[i],PUMP TYPE,Progressing Cavity,Progressing Cavity,,,,
[i],PUMP TYPE,Rotary Lobe,Rotary Lobe,,,,
[i],PUMP TYPE,Sump,Sump,,,,
[i],PUMP TYPE,Sealless Magnetic,Sealless Magnetic,,,,
[i],PUMP TYPE,Submersible,Submersible,,,,
[i],CHEMICAL PUMP,Alum,Alum,,,,
[i],CHEMICAL PUMP,Ammonia (NH3),Ammonia (NH3),,,,
[i],CHEMICAL PUMP,Caustic Soda,Caustic Soda,,,,
[i],CHEMICAL PUMP,Chlorine Hypo,Chlorine Hypo,,,,
[i],CHEMICAL PUMP,Fluorosilicic Acid,Fluorosilicic Acid,,,,
[i],CHEMICAL PUMP,Hydrated Lime,Hydrated Lime,,,,
[i],CHEMICAL PUMP,Hydrogen Peroxide,Hydrogen Peroxide,,,,
[i],CHEMICAL PUMP,Polymer,Polymer,,,,
[i],CHEMICAL PUMP,Potassium Permanganate,Potassium Permanganate,,,,
[i],CHEMICAL PUMP,Powdered Activated Carbon,Powdered Activated Carbon,,,,
[i],CHEMICAL PUMP,RO Antiscalant,RO Antiscalant,,,,
[i],CHEMICAL PUMP,Sodium Permanganate,Sodium Permanganate,,,,
[i],CHEMICAL PUMP,Sulfuric Acid,Sulfuric Acid,,,,
[i],CHEMICAL PUMP,Zinc Orthophosphate,Zinc Orthophosphate,,,,
[i],TUBE MATERIAL,Copper,Copper,,,,
[i],TUBE MATERIAL,Stainless,Stainless,,,,
[i],TUBE MATERIAL,Teflon,Teflon,,,,
[i],TUBE MATERIAL,Polypropylene,Polypropylene,,,,
[i],TUBE MATERIAL,EPDM,EPDM,,,,
[i],TUBE MATERIAL,PVDF,PVDF,,,,
[i],BALL CHECK VALVE,Stainless,Stainless,,,,
[i],BALL CHECK VALVE,PVC,PVC,,,,
[i],BALL CHECK VALVE,Alloy C,Alloy C,,,,
[i],BALL CHECK VALVE,Ceramic,Ceramic,,,,
[i],BALL CHECK VALVE,Teflon,Teflon,,,,
[i],DIAPHGRAM TYPE,Viton,Viton,,,,
[i],DIAPHGRAM TYPE,EPDM,EPDM,,,,
[i],DIAPHGRAM TYPE,Teflon,Teflon,,,,
[i],DIAPHGRAM TYPE,Buna-N,Buna-N,,,,
[i],DIAPHGRAM TYPE,Hypalon,Hypalon,,,,
[i],DIAPHGRAM TYPE,Butyl Rubber,Butyl Rubber,,,,
[i],DIAPHGRAM TYPE,Nat Rubber,Nat Rubber,,,,
[i],ORIENTATION,Vertical,Vertical,,,,
[i],ORIENTATION,Horizontal,Horizontal,,,,
[i],MATERIAL TYPE,Ductile Iron,Ductile Iron,,,,
[i],MATERIAL TYPE,PVC,PVC,,,,
[i],MATERIAL TYPE,CPVC,CPVC,,,,
[i],MATERIAL TYPE,Brass,Brass,,,,
[i],MATERIAL TYPE,Stainless Steel,Stainless Steel,,,,
[i],MATERIAL TYPE,PVDF,PVDF,,,,
[i],MATERIAL TYPE,PTFE,PTFE,,,,
[i],MATERIAL TYPE,Copper,Copper,,,,
[i],MATERIAL TYPE,Black Iron,Black Iron,,,,
[i],MATERIAL TYPE,Galvanized,Galvanized,,,,
[i],RATED VOLTAGE,120,120,,,,
[i],RATED VOLTAGE,240,240,,,,
[i],RATED VOLTAGE,480,480,,,,
[i],RATED VOLTAGE,277,277,,,,
[i],RATED VOLTAGE,2300,2300,,,,
[i],RATED VOLTAGE,4160,4160,,,,
[i],RATED VOLTAGE,33.5K,33.5K,,,,
[i],RATED VOLTAGE,208,209,,,,
[i],BREAKER TYPE,Magnetic,Magnetic,,,,
[i],BREAKER TYPE,Vacuum Trip,Vacuum Trip,,,,
[i],CIRBRK PHASE,1,1,,,,
[i],CIRBRK PHASE,3,3,,,,
[i],ARC FLASH RATING,0,0,,,,
[i],ARC FLASH RATING,1,1,,,,
[i],ARC FLASH RATING,2,2,,,,
[i],ARC FLASH RATING,3,3,,,,
[i],ARC FLASH RATING,4,4,,,,
[i],ELEC SERVICE TYPE,Wye,Wye,,,,
[i],ELEC SERVICE TYPE,Delta,Delta,,,,
[i],COMPRESSOR TYPE,Scroll,Scroll,,,,
[i],COMPRESSOR TYPE,Hermetic,Hermetic,,,,
[i],COMPRESSOR TYPE,Semi-Hermetic,Semi-Hermetic,,,,
[i],COMPRESSOR TYPE,Reciprocating,Reciprocating,,,,
[i],CRANE PRIMARY,Pumps,Pumps,,,,
[i],CRANE PRIMARY,Valves,Valves,,,,
[i],CRANE PRIMARY,Mixers,Mixers,,,,
[i],CRANE PRIMARY,Piping,Piping,,,,
[i],CRANE PRIMARY,Motors,Motors,,,,
[i],WIRE SIZE,#18,#18,,,,
[i],WIRE SIZE,#16,#16,,,,
[i],WIRE SIZE,#14,#14,,,,
[i],WIRE SIZE,#12,#12,,,,
[i],WIRE SIZE,#10,#10,,,,
[i],WIRE SIZE,#8,#8,,,,
[i],WIRE SIZE,#6,#6,,,,
[i],WIRE SIZE,#4,#4,,,,
[i],WIRE SIZE,#2,#2,,,,
[i],WIRE SIZE,#1,#1,,,,
[i],WIRE SIZE,1/0.,1/0.,,,,
[i],WIRE SIZE,2/0.,2/0.,,,,
[i],WIRE SIZE,3/0.,3/0.,,,,
[i],WIRE SIZE,4/0.,4/0.,,,,
[i],WIRE SIZE,250mcm,250mcm,,,,
[i],WIRE SIZE,373mcm,373mcm,,,,
[i],SWITCHGEAR LV TYPE,Draw-out,Draw-out,,,,
[i],SWITCHGEAR LV TYPE,Fixed,Fixed,,,,
[i],DRIVE MECHANISM,Belt,Belt,,,,
[i],DRIVE MECHANISM,Sheave,Sheave,,,,
[i],DRIVE MECHANISM,Chain,Chain,,,,
[i],DRIVE MECHANISM,Direct,Direct,,,,
[i],FUTANK CONS MATERIAL,Steel,Steel,,,,
[i],FUTANK CONS MATERIAL,Concrete,Concrete,,,,
[i],FUTANK CONS MATERIAL,Fiberglass,Fiberglass,,,,
[i],FUEL TYPE,Gasoline,Gasoline,,,,
[i],FUEL TYPE,Diesel,Diesel,,,,
[i],FUEL TYPE,Propane,Propane,,,,
[i],FUEL TYPE,Natural Gas,Natural Gas,,,,
[i],TANK SHAPE,Cylinder,Cylinder,,,,
[i],TANK SHAPE,Rectangular,Rectangular,,,,
[i],TANK ORIENTAITON,Vertical,Vertical,,,,
[i],TANK ORIENTAITON,Horizontal,Horizontal,,,,
[i],INSTALLATION TYPE,Above Ground,Above Ground,,,,
[i],INSTALLATION TYPE,Below Ground,Below Ground,,,,
[i],PROCESS TYPE,Annex,Annex,,,,
[i],PROCESS TYPE,Building,Building,,,,
[i],PROCESS TYPE,Building Systems,Building Systems,,,,
[i],PROCESS TYPE,Centrate Pipeline,Centrate Pipeline,,,,
[i],PROCESS TYPE,Centrifuge,Centrifuge,,,,
[i],PROCESS TYPE,Chemical Building,Chemical Building,,,,
[i],PROCESS TYPE,Clarification,Clarification,,,,
[i],PROCESS TYPE,Clearwell,Clearwell,,,,
[i],PROCESS TYPE,"Clearwell Inlet/,Lime","Clearwell Inlet/,Lime",,,,
[i],PROCESS TYPE,"Contact Basin/,Rapid Mix","Contact Basin/,Rapid Mix",,,,
[i],PROCESS TYPE,"Corrosion, Protection, System","Corrosion, Protection, System",,,,
[i],PROCESS TYPE,Decant PS,Decant PS,,,,
[i],PROCESS TYPE,Diesel Generation,Diesel Generation,,,,
[i],PROCESS TYPE,EQ Basin,EQ Basin,,,,
[i],PROCESS TYPE,EQ Pump Station,EQ Pump Station,,,,
[i],PROCESS TYPE,Filters,Filters,,,,
[i],PROCESS TYPE,Filtration,Filtration,,,,
[i],PROCESS TYPE,Finished Water Pump Station,Finished Water Pump Station,,,,
[i],PROCESS TYPE,"Flash Mix/,Contact Basin","Flash Mix/,Contact Basin",,,,
[i],PROCESS TYPE,Floc/DAF,Floc/DAF,,,,
[i],PROCESS TYPE,High Service Pump Station,High Service Pump Station,,,,
[i],PROCESS TYPE,Housing,Housing,,,,
[i],PROCESS TYPE,Hydrated Lime,Hydrated Lime,,,,
[i],PROCESS TYPE,Instrumentation,Instrumentation,,,,
[i],PROCESS TYPE,Interplant Pipeline,Interplant Pipeline,,,,
[i],PROCESS TYPE,Lee Hall 1 Well Field,Lee Hall 1 Well Field,,,,
[i],PROCESS TYPE,Lee Hall 2 Well Field,Lee Hall 2 Well Field,,,,
[i],PROCESS TYPE,Lee Hall 3 Well Field,Lee Hall 3 Well Field,,,,
[i],PROCESS TYPE,Mn Filter Building,Mn Filter Building,,,,
[i],PROCESS TYPE,Natural Resource Assets,Natural Resource Assets,,,,
[i],PROCESS TYPE,Ozone Contactor No. 1,Ozone Contactor No. 1,,,,
[i],PROCESS TYPE,Ozone Contactor No. 2,Ozone Contactor No. 2,,,,
[i],PROCESS TYPE,Ozone Contactors,Ozone Contactors,,,,
[i],PROCESS TYPE,Ozone Generation,Ozone Generation,,,,
[i],PROCESS TYPE,Power Systems,Power Systems,,,,
[i],PROCESS TYPE,"Process, Equipment","Process, Equipment",,,,
[i],PROCESS TYPE,Pump Building,Pump Building,,,,
[i],PROCESS TYPE,Pump Systems,Pump Systems,,,,
[i],PROCESS TYPE,Raw Water,Raw Water,,,,
[i],PROCESS TYPE,RO Building,RO Building,,,,
[i],PROCESS TYPE,SCADA,SCADA,,,,
[i],PROCESS TYPE,Site Infrastructure,Site Infrastructure,,,,
[i],PROCESS TYPE,Storage,Storage,,,,
[i],PROCESS TYPE,"Storage Area 1, (Denbigh)","Storage Area 1,(Denbigh)",,,,
[i],PROCESS TYPE,"Storage Area 2, (Oriana)","Storage Area 2,(Oriana)",,,,
[i],PROCESS TYPE,Storage Tank,Storage Tank,,,,
[i],PROCESS TYPE,Tank,Tank,,,,
[i],PROCESS TYPE,Thickener/ Decant,Thickener/ Decant,,,,
[i],PROCESS TYPE,Thickeners,Thickeners,,,,
[i],PROCESS TYPE,Transfer PS,Transfer PS,,,,
[i],PROCESS TYPE,Transmission/ Pipeline,Transmission/ Pipeline,,,,
[i],PROCESS TYPE,Vault,Vault,,,,
[i],PROCESS TYPE,"Water Storage, Tank","Water Storage, Tank",,,,
[i],PROCESS TYPE,Wells,Wells,,,,
[i],SCREEN MATERIAL,Stainless steel,Stainless steel,,,,
[i],SCREEN MATERIAL,Galvanized steel,Galvanized steel,,,,
[i],SCREEN MATERIAL,Carbon steel,Carbon steel,,,,
[i],PUMP DRIVE TYPE,Direct,Direct,,,,
[i],PUMP DRIVE TYPE,Magnetic,Magnetic,,,,
[i],PUMP DRIVE TYPE,Belt,Belt,,,,
[i],PUMP DRIVE TYPE,Pneumatic,Pneumatic,,,,
[i],PUMP SEAL TYPE,Packing,Packing,,,,
[i],PUMP SEAL TYPE,Mechanical,Mechanical,,,,
[i],PUMP SEAL TYPE,Teflon,Teflon,,,,
[i],PUMP SEAL TYPE,Rubber,Rubber,,,,
[i],FLOW RANGE UNIT,GPM.,GPM.,,,,
[i],FLOW RANGE UNIT,GPH,GPH,,,,
[i],FLOW RANGE UNIT,MGD,MGD,,,,
[i],PARAMETER MEASURED,Algae,Algae,,,,
[i],PARAMETER MEASURED,Chlorine,Chlorine,,,,
[i],PARAMETER MEASURED,Conductivity,Conductivity,,,,
[i],PARAMETER MEASURED,Flow,Flow,,,,
[i],PARAMETER MEASURED,Leak,Leak,,,,
[i],PARAMETER MEASURED,Level,Level,,,,
[i],PARAMETER MEASURED,Oxygen,Oxygen,,,,
[i],PARAMETER MEASURED,Ozone,Ozone,,,,
[i],PARAMETER MEASURED,Particle count,Particle count,,,,
[i],PARAMETER MEASURED,pH,pH,,,,
[i],PARAMETER MEASURED,Position,Position,,,,
[i],PARAMETER MEASURED,Pressure,Pressure,,,,
[i],PARAMETER MEASURED,Radiation,Radiation,,,,
[i],PARAMETER MEASURED,Speed,Speed,,,,
[i],PARAMETER MEASURED,Stroke,Stroke,,,,
[i],PARAMETER MEASURED,Temperature,Temperature,,,,
[i],PARAMETER MEASURED,TOC,TOC,,,,
[i],PARAMETER MEASURED,Turbidity,Turbidity,,,,
[i],TAP TYPE,On-load tap-changers,On-load tap-changers,,,,
[i],TAP TYPE,Off-circuit tap-changers,Off-circuit tap-changers,,,,
[i],TAP TYPE,Liquid-immersed tap-changers,Liquid-immersed tap-changers,,,,
[i],TAP TYPE,Dry-type tap-changers,Dry-type tap-changers,,,,
[i],TAP TYPE,Other types,Other types,,,,
[i],TAP TYPE,Protective devices,Protective devices,,,,
[i],BOAT CONSTRUCTION,Asphalt,Asphalt,,,,
[i],BOAT CONSTRUCTION,Concrete,Concrete,,,,
[i],BOAT CONSTRUCTION,Earth/Gravel,Earth/Gravel,,,,
[i],RESOURCES STATUS,Active,Active,,,,
[i],RESOURCES STATUS,Inactive,Inactive,,,,
[i],RESOURCES STATUS,Pending ,Pending ,,,,
[i],RESOURCES STATUS,Surplus,Surplus,,,,
[i],RESOURCES STATUS,Sold,Sold,,,,
[i],RESOURCES STATUS,Disposed,Disposed,,,,
[i],DETPOND TYPE,Wet Pond,Wet Pond,,,,
[i],DETPOND TYPE,Dry Pond,Dry Pond,,,,
[i],CULVERT OWNER,Waterworks,Waterworks,,,,
[i],CULVERT OWNER,Public Works,Public Works,,,,
[i],CULVERT OWNER,VDOT,VDOT,,,,
[i],CULVERT END WALL,Earth ,Earth ,,,,
[i],CULVERT END WALL,Rip Rap,Rip Rap,,,,
[i],CULVERT END WALL, Concrete, Concrete,,,,
[i],CULVERT MATERIAL,Corrugated Metal Pipe,Corrugated Metal Pipe,,,,
[i],CULVERT MATERIAL,Corrugated Plastic Pipe,Corrugated Plastic Pipe,,,,
[i],CULVERT MATERIAL,Concrete,Concrete,,,,
[i],CULVERT MATERIAL,Cast Iron,Cast Iron,,,,
[i],CULVERT MATERIAL,Ductile Iron ,Ductile Iron ,,,,
[i],CULVERT MATERIAL,Wood,Wood,,,,
[i],CULVERT MATERIAL,PVC,PVC,,,,
[i],GROUNDS SITE NAME,Mercury-LaSalle Tank,Mercury-LaSalle Tank,,,,
[i],GROUNDS SITE NAME,Langley View Tank,Langley View Tank,,,,
[i],GROUNDS SITE NAME,Fox Hill Tank,Fox Hill Tank,,,,
[i],GROUNDS SITE NAME,Buckroe Tank,Buckroe Tank,,,,
[i],GROUNDS SITE NAME,Phoebus Tank,Phoebus Tank,,,,
[i],GROUNDS SITE NAME,Kingsmill Tank,Kingsmill Tank,,,,
[i],GROUNDS SITE NAME,Upper York Tank,Upper York Tank,,,,
[i],GROUNDS SITE NAME,Lee Hall Wellfield #1,Lee Hall Wellfield #1,,,,
[i],GROUNDS SITE NAME,Lee hall Wellfield #2,Lee hall Wellfield #2,,,,
[i],GROUNDS SITE NAME,Lightfoot Well #1,Lightfoot Well #1,,,,
[i],GROUNDS SITE NAME,Lightfoot Well #3,Lightfoot Well #3,,,,
[i],GROUNDS SITE NAME,Lightfoot Well #5,Lightfoot Well #5,,,,
[i],GROUNDS SITE NAME,Jefferson Ave Pump Station,Jefferson Ave Pump Station,,,,
[i],GROUNDS SITE NAME,Skiffes Creek Pump Station,Skiffes Creek Pump Station,,,,
[i],GROUNDS SITE NAME,Copeland Park Pump Station,Copeland Park Pump Station,,,,
[i],GROUNDS SITE NAME,Chickahominy Pump Station,Chickahominy Pump Station,,,,
[i],GROUNDS SITE NAME,Little Creek Pump Station,Little Creek Pump Station,,,,
[i],GROUNDS SITE NAME,Diascund Pump Station,Diascund Pump Station,,,,
[i],GROUNDS SITE NAME,Maintenance and Operations Center,Maintenance and Operations Center,,,,
[i],GROUNDS SITE NAME,60th St Complex,61st St Complex,,,,
[i],GROUNDS SITE NAME,Lee Hall Water Treatment Plant Complex,Lee Hall Water Treatment Plant Complex,,,,
[i],GROUNDS SITE NAME,Harwoods Mill Water Treatment Plant Complex,Harwoods Mill Water Treatment Plant Complex,,,,
[i],GROUND DRAINAGE,Rip Rap ,Rip Rap ,,,,
[i],GROUND DRAINAGE,Concrete,Concrete,,,,
[i],GROUND DRAINAGE,Earth/Vegetation,Earth/Vegetation,,,,
[i],GROUND DRAINAGE,Articulated Concrete Block,Articulated Concrete Block,,,,
[i],TRAILGATE ID,DA1,DA2,,,,
[i],TRAILGATE ID,G1,G2,,,,
[i],TRAILGATE ID,HM1,HM1,,,,
[i],TRAILGATE ID,HM2,HM2,,,,
[i],TRAILGATE ID,O1,O1,,,,
[i],TRAILGATE ID,O2,O2,,,,
[i],TRAILGATE ID,O3,O3,,,,
[i],TRAILGATE ID,O4,O4,,,,
[i],TRAILGATE ID,O5,O5,,,,
[i],TRAILGATE ID,O6,O6,,,,
[i],TRAILGATE ID,O8,O8,,,,
[i],TRAILGATE ID,O9,O9,,,,
[i],TRAILGATE ID,BU1A,BU1A,,,,
[i],TRAILGATE ID,BU1B,BU1B,,,,
[i],TRAILGATE ID,D1,D1,,,,
[i],TRAILGATE ID,D2,D2,,,,
[i],TRAILGATE ID,D3,D3,,,,
[i],TRAILGATE ID,D4,D4,,,,
[i],TRAILGATE ID,D5,D5,,,,
[i],TRAILGATE ID,D6,D6,,,,
[i],TRAILGATE ID,D7,D7,,,,
[i],TRAILGATE ID,D8,D8,,,,
[i],TRAILGATE ID,R2,R3,,,,
[i],TRAILGATE ID,R2A,R2A,,,,
[i],TRAILGATE ID,R2B,R2B,,,,
[i],TRAILGATE ID,R2C,R2C,,,,
[i],TRAILGATE ID,R2D,R2D,,,,
[i],TRAILGATE ID,R3,R3,,,,
[i],TRAILGATE ID,R4,R4,,,,
[i],TRAILGATE ID,R5,R5,,,,
[i],TRAILGATE ID,I1,I1,,,,
[i],TRAILGATE ID,I2,I2,,,,
[i],TRAILGATE ID,Brunk's,Brunk's,,,,
[i],TRAILGATE ID,F1,F1,,,,
[i],TRAILGATE ID,F2,F2,,,,
[i],TRAILGATE ID,F3,F3,,,,
[i],TRAILGATE ID,F4,F4,,,,
[i],TRAILGATE ID,F5,F5,,,,
[i],TRAILGATE ID,F6,F6,,,,
[i],TRAILGATE ID,F7,F7,,,,
[i],TRAILGATE ID,F9,F9,,,,
[i],TRAILGATE ID,W1,W1,,,,
[i],TRAILGATE ID,W2,W2,,,,
[i],TRAILGATE ID,W3,W3,,,,
[i],TRAILGATE ID,W4,W4,,,,
[i],TRAILGATE ID,W6,W6,,,,
[i],TRAILGATE ID,Y1,Y1,,,,
[i],TRAILGATE ID,Y2,Y2,,,,
[i],TRAILGATE ID,Y3,Y3,,,,
[i],TRAILGATE ID,Y4,Y4,,,,
[i],TRAILGATE ID,J1,J1,,,,
[i],TRAILGATE ID,J2,J2,,,,
[i],TRAILGATE ID,J3,J3,,,,
[i],TRAILGATE ID,C2,C2,,,,
[i],TRAILGATE ID,f,C3,,,,
[i],TRAILGATE ID,C4,C4,,,,
[i],TRAILGATE ID,C5,C5,,,,
[i],TRAILGATE ID,C6,C6,,,,
[i],TRAILGATE ID,C7,C7,,,,
[i],TRAILGATE ID,C8,C8,,,,
[i],TRAILGATE ID,C9,C9,,,,
[i],TRAILGATE ID,C10,C10,,,,
[i],TRAILGATE ID,DO1,DO2,,,,
[i],TRAILGATE ID,M1,M1,,,,
[i],TRAILGATE ID,M2,M2,,,,
[i],TRAILGATE ID,B1,B1,,,,
[i],TRAILGATE ID,B2,B2,,,,
[i],TRAILGATE ID,Other,Other,,,,
[i],TRAILGATE LEAF,Single,Single,,,,
[i],TRAILGATE LEAF,Double,Double,,,,
[i],TRAILGATE MATERIAL,Chain Link,Chain Link,,,,
[i],TRAILGATE MATERIAL,Steel Cable,Steel Cable,,,,
[i],TRAILGATE MATERIAL,Galvanized Metal,Galvanized Metal,,,,
[i],TRAILGATE MATERIAL,Painted Metal ,Painted Metal ,,,,
[i],TRAILGATE TYPE,Cable,Cable,,,,
[i],TRAILGATE TYPE,Pipe,Pipe,,,,
[i],TRAILGATE TYPE,Flat Panel,Flat Panel,,,,
[i],TRAILGATE TYPE,Fence Gate,Fence Gate,,,,
[i],TRAILGATE WW Lock,2438,2438,,,,
[i],TRAILGATE WW Lock,17,17,,,,
[i],TRAILGATE WW Lock,2734,2734,,,,
[i],TRAILGATE WW Lock,2952,2952,,,,
[i],TRAIL TYPE,Firetrail,Firetrail,,,,
[i],TRAIL TYPE,Hiking,Hiking,,,,
[i],TRAIL TYPE,Mountain Bike,Mountain Bike,,,,
[i],TRAIL TYPE,Residuals Application Lanes,Residuals Application Lanes,,,,
[i],TRAIL TYPE,Residuals Trails,Residuals Trails,,,,
[i],TRAIL MATERIAL,Gravel,Gravel,,,,
[i],TRAIL MATERIAL,Earth,Earth,,,,
[i],TRAIL MATERIAL,Recycled Road Material,Recycled Road Material,,,,
[i],TRAIL MATERIAL,Recycled Concrete,Recycled Concrete,,,,
[i],TRAIL USER LEVEL,High,High,,,,
[i],TRAIL USER LEVEL,Medium,Medium,,,,
[i],TRAIL USER LEVEL,Low,Low,,,,
[i],PIPE CONNECTION,1/2 Inches,1/2 Inches,,,,
[i],PIPE CONNECTION,3/4 Inches,3/4 Inches,,,,
[i],PIPE CONNECTION,1 Inches,1 Inches,,,,
[i],PIPE CONNECTION,1 1/4 Inches,1 1/4 Inches,,,,
[i],PIPE CONNECTION,1 1/2  Inches,1 1/2  Inches,,,,
[i],PIPE CONNECTION,2  Inches,2  Inches,,,,
[i],PIPE CONNECTION,3  Inches,3  Inches,,,,
[i],PIPE CONNECTION,4  Inches,4  Inches,,,,
[i],PIPE CONNECTION,6  Inches,6  Inches,,,,
[i],PIPE CONNECTION,8  Inches,8  Inches,,,,
[i],PIPE CONNECTION,10  Inches,10  Inches,,,,
[i],PIPE CONNECTION,12  Inches,12  Inches,,,,
[i],CORPORATION MODEL,FB600-4,FB600-4,,,,
[i],CORPORATION MODEL,FB400-4,FB400-4,,,,
[i],CORPORATION MODEL,B2500 ,B2500 ,,,,
[i],CORPORATION MODEL,H15000 ,H15000 ,,,,
[i],CORPORATION MODEL,FB800-6 ,FB800-6 ,,,,
[i],CORPORATION MODEL,FB800-5,FB800-5,,,,
[i],CORPORATION MODEL,F500-1,F500-1,,,,
[i],CORPORATION MODEL,F800-1 ,F800-1 ,,,,
[i],CORPORATION MODEL,F900-1 ,F900-1 ,,,,
[i],CORPORATION MODEL,FB400-7 ,FB400-7 ,,,,
[i],CORPORATION MODEL,FB600-3,FB600-3,,,,
[i],CORPORATION MODEL,FB400-3,FB400-3,,,,
[i],CORPORATION MODEL,4701,4701,,,,
[i],CORPORATION MODEL,5200,5200,,,,
[i],CORPORATION MODEL,5240,5240,,,,
[i],OUTLET CONNECTOR,Flare,Flare,,,,
[i],OUTLET CONNECTOR,MIP,MIP,,,,
[i],OUTLET CONNECTOR,FIP,FIP,,,,
[i],OUTLET CONNECTOR,Compression,Compression,,,,
[i],OUTLET CONNECTOR,Other,Other,,,,
[i],PIPE MATERIAL,Unknown,Unknown,,,,
[i],VALVE TYPE,Ball,Ball,,,,
[i],VALVE TYPE,Ground Key,Ground Key,,,,
[i],VALVE TYPE,Other,Other,,,,
[i],INLET CONNECTION,Flare,Flare,,,,
[i],INLET CONNECTION,Flange,Flange,,,,
[i],INLET CONNECTION,MIP,MIP,,,,
[i],INLET CONNECTION,FIP,FIP,,,,
[i],INLET CONNECTION,Compression,Compression,,,,
[i],INLET CONNECTION,Other,Other,,,,
[i],VALVE SIZE,5/8,5/8,,,,
[i],VALVE SIZE,3/4,3/4,,,,
[i],VALVE SIZE,1,1,,,,
[i],VALVE SIZE,1-1/2,1-1/2,,,,
[i],VALVE SIZE,2,2,,,,
[i],HOUSING SIZE,No. 1 Meter Box,No. 1 Meter Box,,,,
[i],HOUSING SIZE,No. 2 Meter Box,No. 2 Meter Box,,,,
[i],HOUSING SIZE,No. 3 Meter Box,No. 3 Meter Box,,,,
[i],HOUSING SIZE,Custom,Custom,,,,
[i],PIPELINE STATUS,PENDING,PENDING,,,,
[i],PIPELINE STATUS,ACTIVE,ACTIVE,,,,
[i],PIPELINE STATUS,CLOSED,CLOSED,,,,
[i],PIPELINE STATUS,DELETE,DELETE,,,,
[i],OWNER,NNWW,NNWW,,,,
[i],OWNER,OTHER,OTHER,,,,
[i],MAINTAINED BY,DISTRIBUTION,GENERAL SERVICES,,,,
[i],MAINTAINED BY,ENTERPRISE,ENTERPRISE,,,,
[i],MAINTAINED BY,FACILITIES,FACILITIES,,,,
[i],MAINTAINED BY,GENERAL SERVICES,GENERAL SERVICES,,,,
[i],MAINTAINED BY,NATURAL,NATURAL,,,,
[i],ASSET CATEGORY,Backflow Prevention,Backflow Prevention,,,,
[i],ASSET CATEGORY,Fire Suppression Pipeline,Fire Suppression Pipeline,,,,
[i],ASSET CATEGORY,Hydrants,Hydrants,,,,
[i],ASSET CATEGORY,Meter,Meter,,,,
[i],ASSET CATEGORY,Outfalls,Outfalls,,,,
[i],ASSET CATEGORY,Pipelines,Pipelines,,,,
[i],ASSET CATEGORY,Residuals Interplant Pipeline,Residuals Interplant Pipeline,,,,
[i],ASSET CATEGORY,RO Concentrate Pipeline,RO Concentrate Pipeline,,,,
[i],ASSET CATEGORY,Service,Service,,,,
[i],ASSET CATEGORY,Source Water Pipelines,Source Water Pipelines,,,,
[i],ASSET CATEGORY,Valves,Valves,,,,
[i],ASSET CATEGORY,Vaults,Vaults,,,,
[i],FUDISP FUEL TYPE,Gasoline,Gasoline,,,,
[i],FUDISP FUEL TYPE,Diesel,Diesel,,,,
[i],FUDISP FUEL TYPE, Diesel Exhaust Fluid, Diesel Exhaust Fluid,,,,
[i],EASEMENT,Ingress/Egress,Ingress/Egress,,,,
[i],EASEMENT,Electrical,Electrical,,,,
[i],EASEMENT,Natural Gas,Natural Gas,,,,
[i],EASEMENT,Sanitary Sewer,Sanitary Sewer,,,,
[i],EASEMENT,Communications,Communications,,,,
[i],EASEMENT,Petroleum,Petroleum,,,,
[i],EASEMENT,Drainage,Drainage,,,,
[i],EASEMENT,Conservation ,Conservation ,,,,
[i],EASEMENT,Water Pipeline,Water Pipeline,,,,
[i],LOCALITY,NN,NN,,,,
[i],LOCALITY,HP,HP,,,,
[i],LOCALITY,YC,YC,,,,
[i],LOCALITY,JC,JC,,,,
[i],LOCALITY,PQ,PQ,,,,
[i],LOCALITY,NK,NK,,,,
[i],LOCALITY,CC,CC,,,,
[i],PROJECT REC TYPE,Project ID,Project ID,,,,
[i],PROJECT REC TYPE,Job,Job,,,,
[i],PROJECT REC TYPE,Contract,Contract,,,,
[i],PROJECT REC TYPE,Work Order,,,,,
[i],HOUSING TYPE, Vault, Vault,,,,
[i],HOUSING TYPE, Box/Pipe, Box/Pipe,,,,
[i],HOUSING TYPE,Manhole,Manhole,,,,
[i],HOUSING PURPOSE,Valve,Valve,,,,
[i],HOUSING PURPOSE,Meter,Meter,,,,
[i],HOUSING PURPOSE,Backflow,Backflow,,,,
[i],HOUSING PURPOSE,Cathodic Protection,Cathodic Protection,,,,
[i],HOUSING PURPOSE,Electrical,Electrical,,,,
[i],HOUSING PURPOSE,Tracer Wire,Tracer Wire,,,,
[i],HOUSING PURPOSE,Pressure Monitoring Station,Pressure Monitoring Station,,,,
[i],HOUSING PURPOSE,Automated Flushing Device,Automated Flushing Device,,,,
[i],HOUSING PURPOSE,Other,Other,,,,
[i],HOUSING SIZE,No. 1 Meter Box,No. 1 Meter Box,,,,
[i],HOUSING SIZE,No. 2 Meter Box,No. 2 Meter Box,,,,
[i],HOUSING SIZE,No. 3 Meter Box,No. 3 Meter Box,,,,
[i],HOUSING SIZE,No. 1 Valve Box,No. 1 Valve Box,,,,
[i],HOUSING SIZE,No. 2 Valve Box,No. 2 Valve Box,,,,
[i],HOUSING SIZE,N0. 3 Valve Box,N0. 3 Valve Box,,,,
[i],HOUSING SIZE,Manhole,Manhole,,,,
[i],HOUSING SIZE,Vault,Vault,,,,
[i],HOUSING SIZE,Custom,Custom,,,,
[i],HOUSING MATERIAL,Cast Iron,Cast Iron,,,,
[i],HOUSING MATERIAL,Steel,Steel,,,,
[i],HOUSING MATERIAL,Fiberglass,Fiberglass,,,,
[i],HOUSING MATERIAL,Concrete,Concrete,,,,
[i],HOUSING MATERIAL,Aluminum,Aluminum,,,,
[i],HOUSING MATERIAL,Brick,Brick,,,,
[i],HOUSING MATERIAL,ABS,ABS,,,,
[i],HOUSING MATERIAL,Terracotta,Terracotta,,,,
[i],HOUSING MATERIAL,Plastic,Plastic,,,,
[i],HOUSING MATERIAL,Truss,Truss,,,,
[i],LID TYPE,Cast Iron,Cast Iron,,,,
[i],LID TYPE,Steel,Steel,,,,
[i],LID TYPE,Fiberglass,Fiberglass,,,,
[i],LID TYPE,Concrete,Concrete,,,,
[i],LID TYPE,Aluminum,Aluminum,,,,
[i],LID TYPE,Other,Other,,,,
[i],SYSTEM INFO,Source Water,Source Water,,,,
[i],SYSTEM INFO,Treatment Process,Treatment Process,,,,
[i],SYSTEM INFO,Distribution,General Services,,,,
[i],STATUS INFO,Active,Active,,,,
[i],STATUS INFO,Inactive,Inactive,,,,
[i],STATUS INFO,Abandoned,Abandoned,,,,
[i],STATUS INFO,Historical,Historical,,,,
[i],HYDRANT MATERIAL,Ductile Iron,Ductile Iron,,,,
[i],HYDRANT MATERIAL,Cast Iron,Cast Iron,,,,
[i],HYDRANT MATERIAL,HDPE,HDPE,,,,
[i],HYDRANT MATERIAL,PVC,PVC,,,,
[i],HYDRANT LINING,Cement,Cement,,,,
[i],HYDRANT LINING,Epoxy,Epoxy,,,,
[i],HYDRANT LINING,Unknown,Unknown,,,,
[i],HYDRANT LINING,None,None,,,,
[i],REF_PROJECT,Contract,Contract,,,,
[i],REF_PROJECT,Historical Job No,Historical Job No,,,,
[i],REF_PROJECT,Project,Project,,,,
[i],REF_PROJECT,Repair,Repair,,,,
[i],REF_PROJECT,Unknown,Unknown,,,,
[i],VERTICAL OFFSET,Up,Up,,,,
[i],VERTICAL OFFSET,Down,Down,,,,
[i],SET IN,Asphalt,Asphalt,,,,
[i],SET IN,Concrete,Concrete,,,,
[i],SET IN,Grass,Grass,,,,
[i],SET IN,Soil,Soil,,,,
[i],SET IN,Pavers,Pavers,,,,
[i],PAD LOCK KEY,Pad Lock,Pad Lock,,,,
[i],PAD LOCK KEY,Hatch Key,Hatch Key,,,,
[i],PAD LOCK KEY,None,None,,,,
[i],HOUSING DRAIN TYPE,Gravity,Gravity,,,,
[i],HOUSING DRAIN TYPE,Mechanized,Mechanized,,,,
[i],DRAINAGE MATERIAL,Rip Rap,Rip Rap,,,,
[i],DRAINAGE MATERIAL,Concrete,Concrete,,,,
[i],DRAINAGE MATERIAL,Earth/Vegetation,Earth/Vegetation,,,,
[i],DRAINAGE MATERIAL,Articulated Concrete Block,Articulated Concrete Block,,,,
[i], DIP,Class 51,Class 51,,,,
[i], DIP,Class 52,Class 52,,,,
[i], PVC,C900,C900,,,,
[i], PVC,C909,C909,,,,
[i], PVC,Unk,Unk,,,,
[i], CIP,Spun Cast,Spun Cast,,,,
[i], CIP,Pit Cast,Pit Cast,,,,
[i], HDPE,D/R ratio,D/R ratio,,,,
[i],REMINDER,Unknown,Unknown,,,,
[i],CATHODIC PROTECTION,Wrapped,Wrapped,,,,
[i],CATHODIC PROTECTION,Passive,Passive,,,,
[i],CATHODIC PROTECTION,Active,Active,,,,
[i],CATHODIC PROTECTION,None,None,,,,
[i],CATHODIC PROTECTION,Unknown,Unknown,,,,
[i],RETIRE PROJECT,Contract,Contract,,,,
[i],RETIRE PROJECT,Historical Job No,Historical Job No,,,,
[i],RETIRE PROJECT,Project,Project,,,,
[i],RETIRE PROJECT,Repair,Repair,,,,
[i],HYDRANT SYSTEM,Source,Source,,,,
[i],HYDRANT SYSTEM,Treated,Treated,,,,
[i],HYDRANT SYSTEM,Private,Private,,,,
[i],HYDRANT STATUS,Preposed,Preposed,,,,
[i],HYDRANT STATUS,Active,Active,,,,
[i],HYDRANT STATUS,Inactive,Inactive,,,,
[i],HYDRANT STATUS,Historical,Historical,,,,
[i], JURIDICTIONS,HP,HP,,,,
[i], JURIDICTIONS,JC,JC,,,,
[i], JURIDICTIONS,NN,NN,,,,
[i], JURIDICTIONS,YC,YC,,,,
[i], JURIDICTIONS,PQ,PQ,,,,
[i], JURIDICTIONS,WM,WM,,,,
[i], JURIDICTIONS,NK,NK,,,,
[i],COLOR,Red,Red,,,,
[i],COLOR,Blue,Blue,,,,
[i],COLOR,Green,Green,,,,
[i],EXTENSION LENGTH,0,0,,,,
[i],EXTENSION LENGTH,6,6,,,,
[i],EXTENSION LENGTH,12,12,,,,
[i],EXTENSION LENGTH,18,18,,,,
[i],EXTENSION LENGTH,24,24,,,,
[i],PUMPER NOZZLE,4,4,,,,
[i],PUMPER NOZZLE,4.5,4.5,,,,
[i],HYDRANT FLOW,<800,<800,,,,
[i],HYDRANT FLOW, 800 - 1500, 800 - 1500,,,,
[i],HYDRANT FLOW, 1500 - 2000, 1500 - 2000,,,,
[i],HYDRANT FLOW, 2500 - 3500, 2500 - 3500,,,,
[i],HYDRANT FLOW, >3500, >3500,,,,
[i],INTERNAL VALVE,4,4,,,,
[i],INTERNAL VALVE,4.25,4.25,,,,
[i],INTERNAL VALVE,4.5,4.5,,,,
[i],INTERNAL VALVE,4.75,4.75,,,,
[i],INTERNAL VALVE,5.25,5.25,,,,
[i],BILL CODE,NB,NB,,,,
[i],BILL CODE,CU ,CU ,,,,
[i],BILL CODE,AG ,AG ,,,,
[i],HYDRANT MAKE,AVK 2780,AVK 2781,,,,
[i],HYDRANT MAKE,Darling,Darling,,,,
[i],HYDRANT MAKE,Darling 73-1,Darling 73-1,,,,
[i],HYDRANT MAKE,Darling 73-2,Darling 73-2,,,,
[i],HYDRANT MAKE,Darling 73-5,Darling 73-5,,,,
[i],HYDRANT MAKE,Darling B50,Darling B51,,,,
[i],HYDRANT MAKE,Darling B50B,Darling B50B,,,,
[i],HYDRANT MAKE,Darling B62B,Darling B62B,,,,
[i],HYDRANT MAKE,Darling SB,Darling SB,,,,
[i],HYDRANT MAKE,Dresser M&H,Dresser M&H,,,,
[i],HYDRANT MAKE,Kennedy K11,Kennedy K11,,,,
[i],HYDRANT MAKE,Kennedy K81,Kennedy K81,,,,
[i],HYDRANT MAKE,Mueller,Mueller,,,,
[i],HYDRANT MAKE,Smith,Smith,,,,
[i],HYDRANT MAKE,Smith Small,Smith Small,,,,
[i],HYDRANT MAKE,Smith SB,Smith SB,,,,
[i],HYDRANT MAKE,US Pipe S250,US Pipe S251,,,,
[i],HYDRANT MAKE,Waterous PAC,Waterous PAC,,,,
[i],REMARKS,L,L,,,,
[i],REMARKS,R,R,,,,
[i],RETIREMENT PROJECT,Project ID,Project ID,,,,
[i],RETIREMENT PROJECT,Job,Job,,,,
[i],RETIREMENT PROJECT,Contract,Contract,,,,
[i],RETIREMENT PROJECT,Work Order,Work Order,,,,
[i],BRANCH END,Cross,Cross,,,,
[i],BRANCH END,Lead,Lead,,,,
[i],BRANCH END,mj x fl,mj x fl,,,,
[i],BRANCH END,mj x mj,mj x mj,,,,
[i],BRANCH END,tsv,tsv,,,,
[i],BRANCH END,unk,unk,,,,
[i],BRANCH SIZE,4,4,,,,
[i],BRANCH SIZE,6,6,,,,
[i],BRANCH SIZE,8,8,,,,
[i],BRANCH SIZE,10,10,,,,
[i],BRANCH SIZE,12,12,,,,
[i],BRANCH CONNECTOR,Tee,Tee,,,,
[i],BRANCH CONNECTOR,TS&V,TS&V,,,,
[i],BRANCH CONNECTOR,Valve,Valve,,,,
[i],BRANCH CONNECTOR,none,none,,,,
[i],VALVE CONNECTION,MJ,MJ,,,,
[i],VALVE CONNECTION,Lead,Lead,,,,
[i],VALVE CONNECTION,Flange,Flange,,,,
[i],CONSTRUCTION MATERIAL,Concrete,Concrete,,,,
[i],CONSTRUCTION MATERIAL, Steel, Steel,,,,
[i],CONSTRUCTION MATERIAL,PVC,PVC,,,,
[i],CONSTRUCTION MATERIAL,Fiberglass,Fiberglass,,,,
[i],PROVIDES ACCESS TO,Water,Water,,,,
[i],PROVIDES ACCESS TO,Electricity,Electricity,,,,
[i],PROVIDES ACCESS TO,Chemical Feed Lines,Chemical Feed Lines,,,,
[i],PROVIDES ACCESS TO,Other,Other,,,,
[i],MANHOLE COVER,Steel,Steel,,,,
[i],MANHOLE COVER,Aluminum,Aluminum,,,,
[i],MANHOLE COVER,Fiberglass,Fiberglass,,,,
[i],OUTFALLS OWNER,NNWW,NNWW,,,,
[i],OUTFALLS OWNER,Army,Army,,,,
[i],RESERVOIR,Lee Hall,Lee Hall,,,,
[i],RESERVOIR,Harwoods Mill,Harwoods Mill,,,,
[i],RESERVOIR,Waller Mill,Waller Mill,,,,
[i],RESERVOIR,Little Creek,Little Creek,,,,
[i],RESERVOIR,Skiffes Creek,Skiffes Creek,,,,
[i],PIPELINE SYSTEM,Source Water,Source Water,,,,
[i],PIPELINE SYSTEM,Treatment Process,Treatment Process,,,,
[i],PIPELINE SYSTEM,Distribution,General Services,,,,
[i],SUBSYS SOURCE WATER,Transmission,Transmission,,,,
[i],SUBSYS TREATMENT ,Plant Process,Plant Process,,,,
[i],SUBSYS TREATMENT ,RO Concentrate,RO Concentrate,,,,
[i],SUBSYS TREATMENT ,Utility,Utility,,,,
[i],SUBSYS TREATMENT ,Residuals Interplant,Residuals Interplant,,,,
[i],SUBSYS TREATMENT ,Centrate,Centrate,,,,
[i],SUBSYS DISTRIBUTION,Distribution,General Services,,,,
[i],SUBSYS DISTRIBUTION,Transmission,Transmission,,,,
[i],PIPELINE MATERIAL,Ductile Iron,Ductile Iron,,,,
[i],PIPELINE MATERIAL,Cast Iron,Cast Iron,,,,
[i],PIPELINE MATERIAL,HDPE,HDPE,,,,
[i],PIPELINE MATERIAL,PVC,PVC,,,,
[i],PIPELINE MATERIAL,Copper,Copper,,,,
[i],PIPELINE MATERIAL,Brass,Brass,,,,
[i],PIPELINE MATERIAL,Stainless Steel,Stainless Steel,,,,
[i],PIPELINE MATERIAL,Galvanized,Galvanized,,,,
[i],PIPELINE MATERIAL,Black Iron,Black Iron,,,,
[i],PIPELINE MATERIAL,Pre-stressed Concrete,Pre-stressed Concrete,,,,
[i],PIPELINE MATERIAL,Reinforced Concrete,Reinforced Concrete,,,,
[i],PIPELINE MATERIAL,PVDF,PVDF,,,,
[i],PIPELINE LINING,Cement,Cement,,,,
[i],PIPELINE LINING,Epoxy,Epoxy,,,,
[i],PIPELINE LINING,Unknown,Unknown,,,,
[i],PIPELINE LINING,None,None,,,,
[i],PIPELINE UTILITY,Water,Water,,,,
[i],PIPELINE UTILITY,Sanitary,Sanitary,,,,
[i],PIPELINE UTILITY,Drainage,Drainage,,,,
[i],PIPELINE UTILITY,Sanitary (Gravity),Sanitary (Gravity),,,,
[i],PIPELINE UTILITY,Sanitary (Pressure),Sanitary (Pressure),,,,
[i],PIPELINE UTILITY,MJ,MJ,,,,
[i],PIPELINE UTILITY,Push-on,Push-on,,,,
[i],PIPELINE UTILITY,Threaded,Threaded,,,,
[i],PIPELINE UTILITY,Lead,Lead,,,,
[i],PIPELINE UTILITY,Leadite,Leadite,,,,
[i],PIPELINE UTILITY,Glued,Glued,,,,
[i],PIPELINE UTILITY,Fused,Fused,,,,
[i],PIPELINE UTILITY,Welded,Welded,,,,
[i],PIPELINE UTILITY,Flanged,Flanged,,,,
[i],SANITARY FLOW,Pressure,Pressure,,,,
[i],SANITARY FLOW,Gravity,Gravity,,,,
[i],SERVICE SIZE,5/8,5/8,,,,
[i],SERVICE SIZE,3/4,3/4,,,,
[i],SERVICE SIZE,1,1,,,,
[i],SERVICE SIZE,1-1/2,1-1/2,,,,
[i],SERVICE SIZE,2,2,,,,
[i],SERVICE SIZE,3,3,,,,
[i],SERVICE SIZE,4,4,,,,
[i],SERVICE SIZE,6,6,,,,
[i],SERVICE SIZE,8,8,,,,
[i],SERVICE SIZE,10,10,,,,
[i],SERVICE USE ,Domestic,Domestic,,,,
[i],SERVICE USE ,Fire ,Fire ,,,,
[i],SERVICE USE ,Combination ,Combination ,,,,
[i],SERVICE BACKFLOW,Single Check with Detector Meter,Single Check with Detector Meter,,,,
[i],SERVICE BACKFLOW,Double Check with Detector Meter,Double Check with Detector Meter,,,,
[i],SERVICE BACKFLOW,RP with Detector Meter,RP with Detector Meter,,,,
[i],SERVICE BACKFLOW,Check Valve - Fully Metered,Check Valve - Fully Metered,,,,
[i],SERVICE BACKFLOW,Check Valve - Without Detector Meter,Check Valve - Without Detector Meter,,,,
[i],SERVICE BACKFLOW,None,None,,,,
[i],SERVICE CONNECTION,Corporation,Corporation,,,,
[i],SERVICE CONNECTION,Tee,Tee,,,,
[i],SERVICE CONNECTION,Tap,Tap,,,,
[i],SERVICE CONNECTION,Wye,Wye,,,,
[i],YOKE SIZE,5/8,5/9,,,,
[i],YOKE SIZE,3/4,3/5,,,,
[i],PACKING MATERIAL,Graphite,Graphite,,,,
[i],PACKING MATERIAL,O Ring,O Ring,,,,
[i],DISTRUBUTION VALVE,Isolation,Isolation,,,,
[i],DISTRUBUTION VALVE,hydrant,hydrant,,,,
[i],DISTRUBUTION VALVE,sprinkler,sprinkler,,,,
[i],DISTRUBUTION VALVE,Regulating,Regulating,,,,
[i],DISTRUBUTION VALVE,Blowoff,Blowoff,,,,
[i],DISTRUBUTION VALVE,Air Release,Air Release,,,,
[i],DISTRUBUTION VALVE,Bypass,Bypass,,,,
[i],DISTRUBUTION VALVE,Pressure Relief,Pressure Relief,,,,
[i],DISTRUBUTION VALVE,Metering,Metering,,,,
[i],DISTRUBUTION VALVE,Future,Future,,,,
[i],DISTRUBUTION VALVE,private tap,private tap,,,,
[i],VALVE CONNECT ,Flanged,Flanged,,,,
[i],VALVE CONNECT ,Threaded,Threaded,,,,
[i],VALVE CONNECT ,Welded,Welded,,,,
[i],VALVE CONNECT ,MJ,MJ,,,,
[i],VALVE CONNECT ,Vic,Vic,,,,
[i],VALVE CONNECT ,Leaded,Leaded,,,,
[i],VALVE CONNECTOR,Tee,Tee,,,,
[i],VALVE CONNECTOR,Tapping Sleeve,Tapping Sleeve,,,,
[i],VALVE CONNECTOR,bend,bend,,,,
[i],GEARING TYPE,Exposed,Exposed,,,,
[i],GEARING TYPE,Enclosed,Enclosed,,,,
[i],OPNES,L ,L ,,,,
[i],OPNES,R,R,,,,
[i],STEM EXTENSION,2,2,,,,
[i],STEM EXTENSION,4,4,,,,
[i],STEM EXTENSION,6,6,,,,
[i],RETIREMENT PROJ REC,Project ID,Project ID,,,,
[i],RETIREMENT PROJ REC,Job,Job,,,,
[i],RETIREMENT PROJ REC,Contract,Contract,,,,
[i],RETIREMENT PROJ REC,Work Order,Work Order,,,,
[i],PROJECT REC  ,Project ID,Project ID,,,,
[i],PROJECT REC  ,Job,Job,,,,
[i],PROJECT REC  ,Contract,Contract,,,,
[i],PROJECT REC  ,Work Order,Work Order,,,,
[i],VALVE PROCESS,Aeration,Aeration,,,,
[i],VALVE PROCESS,Secondary treatment,Secondary treatment,,,,
[i],OPERATING NUT,Two Inch Nut,Two Inch Nut,,,,
[i],OPERATING NUT,Wheel,Wheel,,,,
[i],OPERATING NUT,Tee Head,Tee Head,,,,
[i],HOUSING SET IN,Asphalt,Asphalt,,,,
[i],HOUSING SET IN,Concrete,Concrete,,,,
[i],HOUSING SET IN,Grass,Grass,,,,
[i],HOUSING SET IN,Soil,Soil,,,,
[i],HOUSING SET IN,Pavers,Pavers,,,,
[i],HOUSING LID,Cast Iron,Cast Iron,,,,
[i],HOUSING LID,Steel,Steel,,,,
[i],HOUSING LID,Fiberglass,Fiberglass,,,,
[i],HOUSING LID,Concrete,Concrete,,,,
[i],HOUSING LID,Aluminum,Aluminum,,,,
[i],HOUSING LID,Other,Other,,,,
[i],VALVE FUNCTION,1 = Main Line,1 = Main Line,,,,
[i],VALVE FUNCTION,2 = Hydrant,2 = Hydrant,,,,
[i],VALVE FUNCTION,3 = Sprinkler,3 = Sprinkler,,,,
[i],VALVE FUNCTION,4 = Blowoff,4 = Blowoff,,,,
[i],VALVE FUNCTION,5 = Air release,5 = Air release,,,,
[i],VALVE FUNCTION,6 = Private Tap,6 = Private Tap,,,,
[i],VALVE FUNCTION,7 = Regulating,7 = Regulating,,,,
[i],VALVE FUNCTION,8 = Future conn,8 = Future conn,,,,
[i],VALVE FUNCTION,9 = Bypass,9 = Bypass,,,,
[i],VALVE FUNCTION,10 = Other,10 = Other,,,,
[i],MANUFACTURER - ISOLATION,Darling,Darling,,,,
[i],MANUFACTURER - ISOLATION,Kennedy,Kennedy,,,,
[i],MANUFACTURER - ISOLATION,AP Smith,AP Smith,,,,
[i],MANUFACTURER - ISOLATION,Mueller,Mueller,,,,
[i],MANUFACTURER - ISOLATION,Ford,Ford,,,,
[i],MANUFACTURER - ISOLATION,McDonald,McDonald,,,,
[i],MANUFACTURER - ISOLATION,Stockham,Stockham,,,,
[i],MANUFACTURER - ISOLATION,American,American,,,,
[i],MANUFACTURER - ISOLATION,Dresser,Dresser,,,,
[i],MANUFACTURER - ISOLATION,Pratt,Pratt,,,,
[i],MANUFACTURER - ISOLATION,M&H,M&H,,,,
[i],MANUFACTURER - ISOLATION,Nibco,Nibco,,,,
[i],MANUFACTURER - ISOLATION,J&S,J&S,,,,
[i],MANUFACTURER - ISOLATION,US Pipe,US Pipe,,,,
[i],MANUFACTURER - ISOLATION,Hammond,Hammond,,,,
[i],MANUFACTURER - ISOLATION,AFC,AFC,,,,
[i],MANUFACTURER - ISOLATION,Other,Other,,,,
[i],MANU - FIRE,Darling,Darling,,,,
[i],MANU - FIRE,Kennedy,Kennedy,,,,
[i],MANU - FIRE,AFC,AFC,,,,
[i],MANU - FIRE,Mueller,Mueller,,,,
[i],MANU - FIRE,M&H,M&H,,,,
[i],MANU - FIRE,AP Smith,AP Smith,,,,
[i],MANU - FIRE,J&S,J&S,,,,
[i],MANU - FIRE,AVK,AVK,,,,
[i],MANU - FIRE,Other,Other,,,,
[i],MANU - REGULATING,Bermad,Bermad,,,,
[i],MANU - REGULATING,Cla,Cla,,,,
[i],MANU - REGULATING,Golden Anderson,Golden Anderson,,,,
[i],MANU - REGULATING,Other,Other,,,,
[i],MANU - BLOWOFF,Stockham,Stockham,,,,
[i],MANU - BLOWOFF,Gil,Gil,,,,
[i],MANU - BLOWOFF,Nibco,Nibco,,,,
[i],MANU - BLOWOFF,American,American,,,,
[i],MANU - BLOWOFF,Watts,Watts,,,,
[i],MANU - BLOWOFF,Jameco,Jameco,,,,
[i],MANU - BLOWOFF,B & W,B & W,,,,
[i],MANU - BLOWOFF,Mueller,Mueller,,,,
[i],MANU - BLOWOFF,Darling,Darling,,,,
[i],MANU - BLOWOFF,Matco,Matco,,,,
[i],MANU - BLOWOFF,Kennedy,Kennedy,,,,
[i],MANU - BLOWOFF,Grinnell,Grinnell,,,,
[i],MANU - BLOWOFF,Cambridge,Cambridge,,,,
[i],MANU - BLOWOFF,Fordham,Fordham,,,,
[i],MANU - BLOWOFF,Other,Other,,,,
[i],MANU - AIR RELEASE,APCO,APCO,,,,
[i],MANU - AIR RELEASE,Mueller,Mueller,,,,
[i],MANU - AIR RELEASE,Stockham,Stockham,,,,
[i],MANU - AIR RELEASE,Valmatic,Valmatic,,,,
[i],MANU - AIR RELEASE,Golden Anderson,Golden Anderson,,,,
[i],MANU - AIR RELEASE,Other,Other,,,,
[i],MANU - FUTURE,Darling,Darling,,,,
[i],MANU - FUTURE,Kennedy,Kennedy,,,,
[i],MANU - FUTURE,AP Smith,AP Smith,,,,
[i],MANU - FUTURE,Mueller,Mueller,,,,
[i],MANU - FUTURE,Ford,Ford,,,,
[i],MANU - FUTURE,McDonald,McDonald,,,,
[i],MANU - FUTURE,Stockham,Stockham,,,,
[i],MANU - FUTURE,American,American,,,,
[i],MANU - FUTURE,Dresser,Dresser,,,,
[i],MANU - FUTURE,Pratt,Pratt,,,,
[i],MANU - FUTURE,M&H,M&H,,,,
[i],MANU - FUTURE,Nibco,Nibco,,,,
[i],MANU - FUTURE,J&S,J&S,,,,
[i],MANU - FUTURE,US Pipe,US Pipe,,,,
[i],MANU - FUTURE,Hammond,Hammond,,,,
[i],MANU - FUTURE,AFC,AFC,,,,
[i],MANU - FUTURE,Other,Other,,,,
[i],SUBSYS - ISOLATION,Transmission,Transmission,,,,
[i],SUBSYS - ISOLATION,Distribution,General Services,,,,
[i],SUBSYS - FIRE, Hydrant, Hydrant,,,,
[i],SUBSYS - FIRE,Sprinkler,Sprinkler,,,,
[i],SUBSYS - REGULATING,Check,Check,,,,
[i],SUBSYS - REGULATING,Pressure Sustain,Pressure Sustain,,,,
[i],SUBSYS - REGULATING,Pressure Relief,Pressure Relief,,,,
[i],SUBSYS - REGULATING,Flow control,Flow control,,,,
[i],SUBSYS - REGULATING,Pump Control,Pump Control,,,,
[i],SUBSYS - BLOWOFF DE,Flushing Hydrant,Flushing Hydrant,,,,
[i],SUBSYS - BLOWOFF DE,Check / gate,Check / gate,,,,
[i],SUBSYS - BLOWOFF DE,Other,Other,,,,
