VendorID,VendorName
50830W,1000BULBS.COM                 
50840W,24-7 AUTO PARTS.COM           
50270W,"A & G EQUIPMENT, INC.         "
50452W,A & J SUPPLY                  
50601W,AA PORTABLE POWER CORP.       
50171W,ABAL MATERIAL HANDLING        
50789W,ABB INC.                      
50266W,ACE PENINSULA HARDWARE        
50814W,ACI HOIST & CRANE             
50594W,ADAFRUIT INDUSTRIES           
50027W,ADVANCED INSTRUMENTS INC      
50147W,"ADVANCED PUMP CO., INC        "
50766W,AERO INDUSTRIES INC.          
50355W,AEROVENT FAN COMPANY          
50394W,AIRSAN                        
50081W,ALLIED WIRE & CABLE           
50845W,ALL-SPEC                      
50693W,AMER SOCIETY OF SANITARY ENGIN
50191W,AMERICAN HVAC PARTS           
50209W,"AMERICAN INNOTEK, INC.        "
50495W,AMERICAN TECHNOLOGY COMPONENTS
50611W,AMERICAN WORK APPAREL         
50747W,AMEX WORLD TRADE              
50614W,ANDRONACO INDUSTRIES          
50769W,APEX BATTERY                  
50373W,APPLE'S AUTO MACHINE SHOP     
50757W,APPLIANCE PARTZ               
50731W,APPLIANCEPARTSHELP.COM        
50640W,"ARCO ENGINEERING, INC.        "
50493W,"ASHLEY SLING, INC.            "
50663W,ASKEW'S CYCLES                
50486W,ATLAS COPCO COMPRESSORS       
50485W,AUBUCHON HARDWARE             
50683W,AVIDMAX OUTFITTERS            
50487W,B/W CONTROLS                  
50443W,BACK-UP PAL INC.              
50255W,"BADGER TRUCK REFRIGERATION, IN"
50416W,"BADGER TRUCK REFRIGERATION,INC"
50296W,BAILEY'S ONLINE               
50707W,BAKER'S GAS & WELDING SUPPLIES
50308W,BALL TRADING CORP.            
50419W,BAME TRAILERS                 
50363W,BATTERY INTERNATIONAL         
50765W,BATTERY SHARKS                
50801W,"BATTERYPLEX, INC              "
50676W,"BATTERYSHIP, INC.             "
50258W,BDI                           
50190W,"BECKMAN COULTER,INC           "
50302W,BEN MEADOWS COMPANY           
50214W,"BENKO PRODUCTS, INC           "
50404W,BETTY MILLS CO.               
50310W,BIGDUFFLES.COM                
50762W,BINKLEY & HURST               
50658W,BINMASTER LEVEL CONTROLS      
50474W,BOAT COVERS DIRECT            
50330W,BOATERSWORLD.COM              
50536W,BOATS.NET                     
50748W,BOSS SAFETY                   
50124W,"BRABENDER TECHNOLOGIE, INC    "
50492W,BULB CONNECTION               
50793W,BULK APOTHECARY               
50403W,BUY INSULATION PRODUCTS       
50643W,BUYACCESS.COM                 
50213W,C.E.S (CITY ELECTRIC SUPPLY)  
50061W,C.P.ENVIRONMENTAL FILTERS INC 
50290W,C3 CONTROLS                   
50200W,CAMPBELL MANUFACTURING        
50660W,CAROLINA FLUID COMPONENTS     
50344W,CARQUEST                      
50395W,CARQUEST                      
50187W,"CARTER MACHINERY COMPANY, INC "
50411W,CASSIDY TIRE & SERVICE        
50222W,CHARMAN ENTERPRISES           
50614A,"CHEMICALS & SOLVENTS, INC.    "
50281W,"CHEMINEER, INC                "
50433W,CHEMIQUIP PRODUCTS            
50786W,"CHICAGO FAUCET SHOPPE, THE    "
50479W,CITRUS DEPOT                  
50031W,CITY ELECTRIC SUPPLY          
50399W,CITY PLUMBING & ELECTRIC SUPPL
50054W,CITY WAREHOUSE                
50165W,CLA-VAL                       
50616W,CLEAN WATER SYSTEMS & STORE   
50500W,CLEARCO PRODUCTS              
50498W,COLE FARMS                    
50105W,"COLESVILLE NURSERY, INC       "
50645W,COLLEY MARINE                 
50580W,COMMERCIAL INDUSTRIAL SUPPLY  
50215W,COMMERCIAL WATER DISTRIBUTING 
50440W,COMPACT APPLIANCE             
50332W,COMPLETE FILTRATION SERVICES  
50720W,CONCRETE PIPE & PRECAST       
50581W,CONDUCTORBARSYSTEMS.COM       
50506W,CONSERVATIONMART.COM          
50550W,CONTINENTAL DISC CORP         
50568W,CONTRACT CLEANER SUPPLIES     
50791W,CONTROL PARTS                 
50654W,CRESCENT ELECTRIC SUPPLY CO.  
50781W,CREWE TRACTOR & EQUIPMENT     
50264W,"CROWDER SUPPLY CO, INC.       "
50451W,"CROWLEY MARINE, INC.          "
50653W,CTS LED                       
50790W,CUMMINS POWER SYSTEMS         
50131W,CUTE CAM CASE                 
50292W,DART CONTROLS                 
50028W,DAVIDSON SALES                
50297W,DAY ENGINEERED EQUIPMENT CO   
50107W,DAYTON APPLIANCE PARTS        
50229W,DELTA CONTROLS CORPORATION    
50316W,DENNIS KIRK                   
50819W,DENTECH INCORPORATED          
50532W,DEZURIK - APCO                
50093W,DICKIES THE WORKERS CHOICE    
50279W,"DIRECT EDGE, INC.             "
50687W,DISCOUNT EQUIPMENT            
50369W,DISCOUNT FILTER STORE         
50475W,DISCOUNT RAMPS                
50733W,"DIVINE LIGHTING, LLC          "
50624W,"DOOR CLOSER SERVICE CO., INC  "
50253W,DOWN EAST LOCK & KEY          
50659W,DRILLSPOT.COM                 
50320W,DRINKING FOUNTAIN DOCTOR      
50729W,DTAC                          
50068W,DULLES ELECTRIC & SUPPLY CORP 
50140W,E MARINE SYSTEMS              
50208W,EAGLE ENGINEERING CORP        
50409W,EAHEART INDUSTRIAL SERVICE    
50520W,"EASTERN CONTROLS, INC         "
50267W,EASTERN MARINE                
50277W,EASTERN METAL/ USA-SIGN       
50371W,EBAY INC. HEADQUARTERS        
50746W,EIS BLUEFIELD                 
50639W,"ELECTRIC MOTOR SITE, LLC      "
50185W,ELECTRIC SWITCHES PREMIER     
50679W,ELECTRICAL BASICS             
50446W,"ELECTRO-CONTROL SUPPLY, INC.  "
50706W,EMERSON PROCESS MANAGEMENT    
50849W,ENCORE COMMERCIAL PRODUCTS    
50756W,ENERGY AVENUE                 
50810W,ENERGY CONTROL TECHNOLOGIES   
50699W,ENVIRONMENTAL SERVICE & EQUIP 
50625W,EQUIPMENT AGENTS USA INC.     
50722W,ERDCO ENGINEERING CORPORATION 
50666W,"ESAFETY SUPPLIES, INC.        "
50120W,ESTERLINE PRESSURE SYSTEMS    
50444W,ETRAILER.COM                  
50397W,EXPRESS INSULATION            
50713W,FAST ACCESS SECURITY CORP     
50724W,"FASTOOL, INC.                 "
50499W,FIDELITY POWER SYSTEMS        
50087W,FILTER-MART CORPORATION       
50088W,FILTERS FAST LLC              
50340W,FISHER LABS                   
50176W,FLUID DETECTION TECHNOLOGY    
50635W,FLUKE-DIRECT.COM              
50035W,FOLEY MATERIAL HANDLING CO INC
50390W,"FOOD, HERBS, & MORE           "
50569W,FORE & AFT MARINE SUPPLY      
50161W,FOUR STAR PETROLEUM SERVICES  
50472W,"FRABA, INC                    "
50333W,"FUEL PURIFICATION, LLC        "
50608W,GALLOUP/SMITH INSTRUMENT/MERLO
50540W,GARDNER DENVER BLOWER DIVISION
50665W,GARVIN INDUSTRIES             
50792W,GATEHOUSE REMOTE CONTROLS & EN
50570W,GE MEASUREMENT & CONTROL      
50549W,GENELCO INDUSTRIES            
50476W,"GENERAL POWER, LIMITED        "
50162W,GLICK FIRE EQUIPMENT          
50288W,"GLOBAL INDUSTRIES, INC        "
50667W,GLOBAL TREAT                  
50804W,GO2OUTFITTERS.COM             
50071W,GOPHER ELECTRONICS            
50482W,GOPHER INDUSTRIAL             
50083W,"GPM PUMPS, INC                "
50391W,GRANMA T'S                    
50013W,GREENVILLE FLUID SYSSTEM TECHN
50675W,GROSS AUTOMATION              
50600W,H&E EQUIPMENT                 
50758B,HAMPTON RUBBER CO.            
50497W,HANNAY REELS                  
50466W,HAPPY TERMINALS               
50831W,HARRISPOWER EQUIPMENT         
50711W,HARWIL CORP.                  
50638W,HI-LINE UTILITY SUPPLY CO.    
50641W,"HIPO PARTS GARRAGE, LLC       "
50806W,"H-MAC SYSTEMS, INC.           "
50309W,HOME DEPOT                    
50541W,"HOOBER, INC.                  "
50607W,HTD BATTERIES                 
50449W,HYDRO INSTRUMENTS             
50242W,HYDRO SERVICE AND SUPPLIES    
50236W,HYDRO-GUARD                   
50782W,HYDROTEX                      
50574W,HY-TECH ROOF DRAINS           
50796W,IBOATS.COM                    
50268W,ILLUMINATOR WHOLESALER        
50672W,IMC DIRECT                    
50631W,IMPS                          
50427W,INDIANA SAFETY & SUPPLY CO.   
50649W,INDUSTRIAL CONTROLS           
50189W,INDUSTRIAL CONTROLS & EQUIPMEN
50701W,INDUSTRIAL INSTRUMENTATION SVC
50813W,"INDUSTRIAL SAFETY, LLC        "
50159W,"INFILCO DEGREMONT, INC        "
50490W,INNER-TITE CORP.              
50198W,"INSTRU TECH, INC              "
50669W,"INTERSTATE FLEET SERVICE, LLC "
50777W,INVERTER SUPPLY               
50530W,J.W. SPEAKER CORPORATION      
50627W,"J.W. WINCO, INC.              "
50812W,JD INDUSTRIAL SUPPLY          
50219W,"JEEPERZ CREEPERZ, INC.        "
50708W,JERACO ENTERPRISES INC.       
50613W,JIM & SLIM'S TOOL SUPPLY      
50329W,JOHN DRAKE SERVICES           
50393W,KELLY SUPPLY COMPANY          
50254W,KENCON HARDWARE CORP.         
50809W,"KENT INDUSTRIES, INC.         "
50231W,"KENTUCKY BARRELS, LLC         "
50652W,"KING PUMPS, INC               "
50844W,KNAPHEIDE MFG. CO             
50519W,"KOBOLD INSTRUMENTS, INC       "
50335W,"KRAMER INDUSTRIES, INC.       "
50705W,KUHLMAN INSTRUMENT CO.        
50678W,L&J TECHNOLOGIES              
50370W,"LABONVILLE, INC               "
50745W,LEE TRANSPORT EQUIPMENT       
50579W,"LENZ, INC.                    "
50017W,LESMAN INSTRUMENT CO          
50507W,LEVINE AUTOMOTIVE             
50735W,"LIGHTHBULB WHOLESALER, INC.   "
50163W,LKQ MARYLAND TRUCK PARTS      
50269W,"LMI, INC.                     "
50283W,"LOCATOR EQUIPMENT, LLC        "
50461W,LOCK AND HINGE                
50630W,MAGNATROL VALVE CORP          
50710W,MAGNET PAINTS AND SHELLAC     
50697W,MAGNET VALLEY                 
50029W,MAG-TROL DISTRIBUTORS INC     
50351W,"MALDON HOLDINGS, INC          "
50015W,MAMAC SYSTEMS                 
50829W,MANUAL-PAK                    
50798W,MARA INDUSTRIAL SUPPLY        
50825W,"MARKS AIR,  INC.              "
50289W,MARTIN ARCHITECTURAL PRODUCTS 
50557W,MAXIM SILENCERS               
50343W,MCJUNKIN RED MAN CORP         
50239W,MCR MEDICAL SUPPLY INC.       
50364W,MEASUREMENT SPECIALTIES       
50284W,MEGACAPACITY.COM              
50621W,MEMO PARTS                    
50741W,METALS DEPOT CORP             
50481W,METRO SCREENWORKS             
50464W,METROPOLITAN DISTRIBUTORS INC.
50089W,METROTECH CORP                
50234W,"MICHIGAN PNUEMATIC TOOL, INC. "
50772W,MID ATLANTIC TRANE PARTS      
50465W,MID-ATLANTIC WASTE SYSTEMS    
50629W,MILJOCO CORPORATION           
50794W,MINNESOTA WANNER CO.          
50115W,MMTC INC                      
50820W,MOBILE POWER INC              
50193W,MONEKEGEAR.COM                
50184W,"MONITOR TECHNOLOGIES, LLC     "
50535W,MOWFORCE                      
50008W,MULTIMETER WAREHOUSE          
50275W,"MURCAL, INC.                  "
50341W,N H YATES & CO                
50754W,NATIONAL 1 TRACK & PARTS      
50026W,NATIONAL FUSE                 
50502W,NATIONWIDE ELECTRIC SUPPLY    
50237W,NEWARK.COM                    
50633W,"NORGREN, INC.                 "
50522W,NORTH AMERICAN INDUSTRIES     
50058W,NORTHEAST CONTROLS INCORPORATE
50826W,"NORTHERN HYDRAULICS, INC.     "
50319W,NORWECO                       
50636W,"NOVA-TECH INTERNATIONAL, INC. "
50695W,"NUSIL TECHNOLOGY, LLC         "
50263W,"OHIO GRATING, INC             "
50132W,OHIO TRANSMISSION & PUMP CO   
50578W,ONLINECOMPONENTS.COM          
50623W,O'REILLY AUTO PARTS           
50238W,OTR WHEEL ENGINEERING         
50552W,OXYGEN GENERATING SYSTEMS     
50605W,PATTON'S INC.                 
50681W,PENTAIR VALVES & CONTROLS     
50354W,PERTODIRECT                   
50730W,PEXUNIVERSE.COM               
50555W,PHARMAPACKS.COM               
50150W,PHELPS INDUSTRIAL PRODUCTS    
50690W,PHOENIX PUMPS                 
50153W,PIEDMONT FLEET SERVICES       
50559W,PIEDMONT HOIST & CRANE        
50728W,PITSTOPUSA.COM                
50278W,"PJ POWER, INC.                "
50508W,PJ'S TRUCK BODIES & EQUIP. CO.
50149W,"PLASTIC MART, INC             "
50169W,PLATNICK CRANE SYSTEMS        
50784W,PLATT ELECTRIC SUPPLY         
50620W,PLC CENTER                    
50726W,PLUMBERS STOCK                
50647W,PLUMBINGSUPPLY.COM            
50300W,POLLARD WATER                 
50151W,POLLARDWATER.COM              
50463W,"PORON USA, LLC                "
50313W,POWER PLUS INTERNATIONAL      
50311W,POWERSTREAM TECHNOLOGIES      
50795W,"POWERTECH CONTROLS CO., INC   "
50670W,PRECISION DIGITAL CORPORATION 
50822W,PRECISION SHEET METAL FABRICAT
50002W,PRECISION TIMER CO            
50445W,PREFERRED SOURCES             
50562W,"PRESSURE WASHER AUTHORITY, LLC"
50618W,PRESSURE-WASHER-PARTS.COM     
50634W,"PRIME TECHNOLOGY, LLC         "
50533W,"PRO PRODUCTS, LLC             "
50821W,PRO SAFETY CO./SLIP FREE SHOES
50850W,PRO-ACTIVE FLUID POWER        
50805W,PROCESS ENGINEERING PRODUCTS  
50785W,PROCESS TECHNOLOGY            
50295W,PROVIDENCE FORGE HARDWARE     
50761W,"PULSAFEEDER, INC.             "
50517W,PURE OFFROAD                  
50211W,PURE POWER                    
50544W,PUREAIRE                      
50617W,QT EQUIPMENT                  
50589W,"QUADRATEC, INC                "
50478W,QUALIFIED HARDWARE            
50684W,"QUARLES, INC.                 "
50173W,RACKGUY                       
50716W,RACOR-FILTERS.COM             
50543W,RAMSEY INDUSTRIES             
50381W,RAY JOHNSON'S FIREP           
50763W,RAYCHEM SUPPLY                
50305W,RELIABLE AUTOMATIC SPRINKLER  
50563W,RELIABLE PRODUCTS             
50338W,"REPACORP, INC.                "
50235W,"RFS & ASSOCIATES, INC         "
50318W,RICHMOND BUMPER SERVICE       
50201W,RITTENHOUSE                   
50714W,ROADSIDE NURSERY              
50816W,ROBERT E MASON & ASSOC        
50144W,ROBERT J. FITZMYER CO         
50558W,"ROCKAUTO, LLC                 "
50420W,ROM CORPORATION               
50657W,RONAN ENGINEERING COMPANY     
50846W,ROYAL SUPPLY CO               
50417W,RV PLUS                       
50514W,RYDER FLEET PRODUCTS          
50626W,SAFETY PRODUCTS INC           
50768W,SAFETY SUPPLIES ZONE          
50489W,SAF-T-LOK                     
50689W,SANTA CLARA SYSTEMS           
50704W,SASS INDUSTRIAL SUPPLY        
50285W,SCOTT HEALTH & SAFETY         
50744W,SERVER CABINET FAN            
50090W,SHADE EQUIPMENT CO.           
50136W,SHELCO FILTER                 
50212W,SHOPFILTERS.COM               
50571W,"SIEMENS INDUSTRY, INC.        "
50764W,SIGNS DIRECT                  
50177W,"SILICON SOLAR, INC            "
50818W,SILOX CORPORATION             
50007W,SMITH AND LOVELESS            
50800W,SMOCK & SCHONTHALER           
50423W,SOUTHERN STATES CHESAPEAKE    
50346W,SOUTHERN-TOOL.COM             
50561W,SPEC-TECH INDUSTRIAL ELECTRIC 
50460W,SPECTRUM COMMUNICATIONS       
50599W,STEREN SHOP USA               
50172W,STOCK BUILDING SUPPLY         
50753W,STOVER SENSOR CONTROLS        
50802W,STROBES N' MORE               
50773W,SUMMIT RACING EQUIP           
50767W,SUPERIOR LIGHTING             
50848W,SUPPLY HOUSE                  
50488W,SVI INTERNATIONAL             
50526W,TAYLOR-FORBES EQUIPMENT       
50851W,TECHEDU.COM                   
50103W,TEMCO TRANSFORMER MFG         
50737W,THE BUILDERS SUPPLY           
50587W,THE EXPEDITER LLC             
50104W,"THE FOUNTAIN CAN, INC         "
50803W,THEFIRESTORE.COM/WITMER PUBLIC
50407W,THERMOFISHER SCIENTIFIC       
50584W,TIRE RACK                     
50758W,TOOLBARN.COM                  
50721W,TOTAL INDUSTRIAL SUPPLY       
50852W,"TRAFFIX DEVICES, INC.         "
50094W,TRC ELECTRONICS INC           
50307W,TREESTUFF.COM                 
50650W,TRI-STATE PUMP INC            
50548W,TRUCKER'S A/C PARTS & SUPPLIES
50158W,TUTHILL TRANSFER SYSTEMS      
50368W,UNIFORM & ACCESSORIES WAREHOUS
50429W,UNISTRUT OHIO                 
50610W,UNISTRUT ROANOKE-HOMESTEAD    
50367W,"UNITED CHEMICAL & SUPPLY CO,  "
50591W,UNITED RENTALS-CHESAPEAKE     
50291W,UNIVERSAL SILENCER            
50315W,US 258 AUTO PARTS             
50841W,US CARGO CONTROL              
50450W,US PLASTIC CORP               
50079W,US WIPING MATERIAL            
50141W,USA BLUE BOOK                 
50382W,USGLYCERIN                    
50799W,VALMONT COMPOSITE | CARSONITE 
50503W,VALTORC                       
50824W,VEHICLE SAFETY SUPPLY         
50437W,VELVAC                        
50306W,"VIKING GROUP, INC             "
50199W,VIRGINIA ELECTRONICS COMP     
50203W,WALKER PROCESS EQUIPMENT      
50531W,WATER SPECIALTIES COMPANY     
50336W,WELCH                         
50554W,WELDING SUPPLY.COM            
50051W,WERTHER INTERNATIONAL INC     
50410W,WESCO PERFORMANCE             
50016W,WEST MARINE (PORT SUPPLY)     
50250W,WEST MARINE (PORT SUPPLY)     
50455W,WILLIAMSON NEW ENGLAND ELEC   
50828W,WOLSELEY INDUSTRIAL GROUP     
50086W,WORLDWIDE ELECTRIC CORP.      
50483W,WR HARDWARE                   
50439W,"WY'EAST PRODUCTS, INC.        "
50145W,Y S I INCORPORATED            
50847W,ZINC WAREHOUSE                
50586W,ZOROTOOLS.COM                 
50067W,CONTINENTAL ENGINES           
50070W,DALTON BEARING & HYDRAULIC    
50160W,GEORGIA UNDERGROUND & SUPPLY  
50392W,JAYDEE ENTERPRISES            
50837W,JETT & COMPANY                
50298W,"KROHNE, INC                   "
50014W,RICHWOOD SURFACE INDUSTRIES   
50276W,SPX FLOW TECHNOLOGY - LIGHTNIN
50450A,STANDARD CALIBRATION          
50556W,TRUCK REFRIGERATION REPAIR    
50694W,A-B EMBLEM                    
50834W,AC CONTROLS COMPANY. INC.     
50501W,ADKINS TRUCK EQUIP. CO. INC.  
50412W,ALL GOOD SUPPLY CORP          
50436W,"ALLY APPAREL, LLC             "
50080W,AMERICAN REFRIGERATION SUPPLIE
50126W,APPLIED INDUSTRIAL TECHNOLOGIE
50259W,AUTO BROKERS RECYCLERS        
50619W,AW DIRECT.COM                 
50252W,BLUE CRAB APPLIANCE PARTS     
50827W,BLUE WATER SALES              
50018W,BROWN MANUFACTURING CORP.     
50280W,CELL PHONE SHOP               
50220W,CHEMRITE INC.                 
50441W,CHESAPEAKE SYSTEMS            
50025W,COMPLIANCE SIGNS CO.          
50771W,"CONDEX WATTCO, INC.           "
50602W,CRYSTAL ENGINERING            
50349W,DC DIRECT SERVICES LLC        
50430W,"DESERT DIAMOND IND., LLC      "
50425W,DFW HEAVY DUTY                
50312W,DXP                           
50524W,ESSEX ROCK BIT                
50454W,EVERWILD INVESTMENT ENTERPRISE
50241W,FIBERGLASS SUPPLY DEPOT       
50698W,FOOD SERVICE WAREHOUSE        
50331W,GALESBURG ELECTRIC            
50750W,GARD SPECIALIST CO. INC.      
50372W,GEMPLER'S                     
50010W,GENERAL TECHNOLOGIES          
50053W,GEORGIA MOTOR TRUCKING ASSO.  
50565W,GLOBAL TEST SUPPLY            
50168W,GTS-WELCO                     
50758A,HAMPTON ROADS BEARINGS        
50400W,HARDWARE WORLD                
50313A,HARRINGTON INDUSTRIAL PLASTICS
50134W,HAWKINS-GRAVES                
50334W,HD SUPPLY WATERWORKS          
50389W,HEALTH HAVEN                  
50310A,"HIKO, INC.                    "
50513W,"HUBBELL LENOIR CITY, INC      "
50337W,"INDUSTRIAL LADDER & SUPPLY CO,"
50178W,INVENSYS PROCESS SYSTEMS      
50426W,IVES EQUIPMENT CORP           
50515W,"J&S VALVE, INC.               "
50523W,JAMES RIVER EQUIPMENT & SUPPLY
50834A,JASPER ENGINES & TRANSMISSIONS
50052W,KATEC INC                     
50247W,KINERGY CORPORATION           
50339W,LOWES HARDWARE STORE          
50009W,MARINE OIL SERVICE            
50261W,MULTIQUIP                     
50742W,"NATIONAL OILWELL VARCO, L.P.  "
50076W,NEWBASIS                      
50682W,NEWEGG.COM                    
50227W,OFFICE MAX                    
50632W,OLD DOMINION METAL        
50074W,OLD DOMINION TRACTOR          
50360W,"PORT-A-COOL, LLC              "
50807W,READING EQUIPMENT & DIST.     
50564W,RESTOCKIT.COM                 
50797W,RUBBERFORM RECYCLED PRODUCTS  
50734W,SALEM HYDRAULICS CO.          
50603W,SILENTAIRE TECHNOLOGY         
50453W,"SUPERIOR SIGNALS, INC         "
50414W,TADIBROTHERS                  
50262W,"TLA, INC                      "
50130W,UNI-SELECT USA                
50553W,UNITED RENTALS - HAMPTON      
50034W,VALCOM                        
50661W,"VANAIR MFG, INC.              "
50350W,VIRGINIA TRUCK CENTER         
50198A,WELDON TECHNOLOGIES           
50833W,WOOD EQUIPMENT SERVICE CO     
32267A,"1ST QUALITY ELECTRONICS, INC. "
47800A,84 LUMBER CO.                 
27314A,"A D T, INC.                   "
66174A,A H HARRIS AND SONS INC       
05841A,"A.H. HARRIS & SONS, INC.      "
66520A,A.Y. MCDONALD MFG CO          
02871A,AAF INTERNATIONAL             
73341A,ABCO CONTROLS & EQUIPMENT     
80802A,ABLE JANITORIAL SUPPLY        
79817A,ACCUSONIC TECHNOLOGIES        
11320A,"ACE PENINSULA HARDWARE, INC   "
79466A,ACF GREENHOUSES               
27138A,"ACOUSTICAL CEILING SUPPLY,INC."
18872A,"ACRISON, INC                  "
04259A,ACTION TOOLS SERVICE          
72000A,ADVANCE CONTROL EQUIP CO      
59469A,ADVANCE SAFETY EQUIPMENT CO.  
35072A,ADVANCED DOOR SYSTEMS INC     
69326A,ADVANCED PNEUMATICS CO.       
79564A,ADVANCED PROTECTION TECH INC  
12154C,ADVANTAGE AUTO PARTS          
72320A,ADVENT ELECTRIC INC           
50480W,AD-WEAR & SPECIALTY OF TEXAS  
66627A,AESSEAL INC.                  
77187A,AFFORDABLE FASTENER SUPPLY CO.
59950A,AFP INDUSTRIES INC.           
59589A,"AFTON PUMPS, INC.             "
45942A,"AGCO CORPORATION, AG CHEM DIV "
15325A,AGM ELECTRONICS               
20782A,AGRI SUPPLY COMPANY           
57771A,AGRIBUSINESS SERVICE INC.     
60480A,AIR CYCLE CORP                
00022A,"AIR FILTERS, INC              "
69748A,AIR POWER INC.                
27578A,AIR SPECIALISTS OF VIRGINIA   
39808A,"AIRECO SUPPLY, INC.           "
21897A,"AIRGAS LYONS SAFETY, INC      "
60419A,AIRGAS NATIONAL WELDERS       
72707A,"ALACO LADDER COMPANY, INC     "
74419A,ALAMO INDUSTRIAL              
45457A,ALCO ENGINEERING              
34190A,ALFA LAVAL INC                
48959A,ALLEN DISPLAY & STORE EQUIP   
81266A,ALLIANCE MATERIAL HANDLING    
31463A,ALLIED CORROSION INDUSTRIES   
08040A,ALLIED ELECTRONICS            
14002A,"ALLSTATE EQUIPMENT CO, INC.   "
50361W,ALTEC INDUSTRIES              
43173A,AMAZON.COM                    
08470A,AMERICAN BEARING & POWER INC  
70398A,AMERICAN CRANE AND HOIST CORP.
34820A,AMERICAN HIGHWAY PRODUCTS LTD 
23290B,"AMERICAN SIGMA, INC           "
03696A,"ANDERSON'S GREENHOUSES, INC   "
20105A,APEX CONTROLS CORP            
26794A,APPLIED ENGINEERING INC       
01836A,APPLIED INDUSTRIAL TECHNOLOGIE
76742A,"ARC ONE, LLC                  "
06312A,"ARCET EQUIPMENT COMPANY, INC  "
82283A,AREA EQUIPMENT RENTALS & SALES
66224A,ARROWCRAFT PRODUCTS INC.      
02324A,ART MARKET                    
69718A,ASPHALT ZIPPER INC.           
01752A,ASSOCIATED SALES & BAG COMPANY
20405B,"ATLANTECH DISTRIBUTION, INC.  "
44804A,ATLANTIC AMERICAN FIRE & EQUIP
14470A,"ATLANTIC CONST FABRICS, INC   "
46112A,ATLANTIC DIVING SUPPLY        
24152A,ATLANTIC MACHINERY & EQUIPMENT
00093A,"ATLANTIC MACHINERY, INC       "
63933A,AUSTIN HARDWARE & SUPPLY INC  
05323A,"AUTO ELECTRIC SERVICE, INC    "
13026A,AUTOMATIC CONTROLS OF VA INC  
09148A,AUTOMATIC POWER INC           
81813A,AUTOMATIONDIRECT              
41602B,"AUTOZONE STORES, INC          "
61315A,AVENCO PRODUCTS               
00110A,"B & B HOSE & RUBBER CO, INC   "
43597A,B & B LAWN EQUIPMENT          
01655A,"B & L ALTERNATOR, INC         "
53870A,B W ALLEN COMPANY             
60911A,B&L MACHINE & FABRICATION INC.
00119A,BAKER EQUIPMENT ENGINEERING CO
26264A,BAKER SHEET METAL CORPORATION 
20388A,"BARRANGER & COMPANY, INC      "
00001A,"CONRAD INDUSTRIES, INC.       "
10076A,ATLANTIC PUMP & EQUIPMENT CO. 
82248A,BASLER ELECTRIC COMPANY INC   
69510A,"BASSPRO SHOP, INC.            "
74692A,BATTERIES PLUS                
08239A,"BATTERIES, INC                "
09846A,"BATTERY OUTLET OF HAMPTON, INC"
29700A,BAY DIESEL CORPORATION        
05885A,BAY EQUIPMENT CO              
43547A,"BAY PROPELLER, INC.           "
49446A,"BEACH DOOR SERVICE, INC.      "
79002A,"BEAM DISTRIBUTING, INC.       "
08637A,"BEAUCHAMP, MARTINS, GAY & CO  "
82685A,"BECKMAN COULTER, INC.         "
00147A,"BENNETTE PAINT MFG CO, INC    "
05235A,BENNETT'S CREEK WHOLESALE NUR 
32404C,BEST BUY                      
78449A,BEST BUY GOV. - LLC           
21787A,BEST POWER TECHNOLOGY SALES   
02771A,BEST TRANSMISSION SERVICE     
51316A,BG OF TIDEWATER               
00154A,BILCO CO                      
02423A,BILL SMITH'S AUTO AIR COND.   
00164A,BINSWANGER GLASS CO           
82463A,BLUE BOOK                     
53985A,"BOBCAT OF TIDEWATER, INC.     "
76307A,"BOBCO, INC. DBA               "
73309A,BOONE TRACTOR CO.             
00181A,"BOWDITCH FORD, INC            "
01909B,BOWMAN DISTRIBUTION CENTER    
12553A,BRADCO SUPPLY CORP.           
71202A,BRADLEY ELECTRO  SALES        
16824A,"BRAMMER SAFETY SUPPLY, INC    "
58995A,"BRANSCOME, INC                "
01092A,"BRENNTAG SOUTHEAST, INC.      "
30168A,BRIGGS-VALCON                 
79792A,BRUCE AUTO PARTS              
23164A,BUCKHEAD PRODUCTS & SYSTEMS   
46340A,BUSCH LLC                     
25525A,"BWI DISTRIBUTION, INC         "
00114A,"BYERLY, T.E.                  "
02697A,"C & H DISTRIBUTORS, INC       "
04475A,C ARTHUR WEAVER COMPANY INC   
02081B,"C.E. THURSTON & SONS, INC     "
74952A,C.H.REED INC                  
59908A,"CABELA'S, INCORPORATED        "
37527A,"CADDELL ELECTRIC CO., INC.    "
00229A,CAIN ELECTRONICS CO INC       
27466A,"CALCIQUEST, INC.              "
43291A,CAMDEN ENTERPRISES            
04632A,"CAP CITY, INC                 "
71284A,CAPITAL DOOR SYSTEMS INC      
55961A,CAPITAL EQUIPMENT SALES INC   
37907A,CAPITAL INDUSTRIAL COMPANY    
17526B,CAPITAL LIGHTING & SUPPLY     
20031A,"CAPITOL FOUNDRY OF VA, INC    "
68497A,CARDINAL VALLEY IND. SUPPLY   
79186A,CAROLINA EQUIPMENT            
04043A,"CAROTEK, INC                  "
15550A,CARR SUPPLY                   
60584A,CARRIER CORPORATION           
21013A,CARSONITE INTERNATIONAL CORP. 
01945A,"CARTER MACHINERY COMPANY, INC "
00251A,CASEY CHEVROLET CORPORATION   
10534A,CASEY IMPORTS                 
24200A,CDR SYSTEMS CORP              
71895A,CEA POWER LLC                 
38746A,CENTRAL DIESEL INC.           
80293A,"CENTRAL ELECTRIC SUPPLY, LTD. "
67987A,CENTREX TECHNICAL SALES       
13138B,CENTURY UNIFORM-NORFOLK       
51167A,CERTIFIED LAWN & POWER INC.   
62850A,"CHALMERS & KUBECK, INC.       "
66999A,CHAMPION BRAND PRODUCTS       
02148A,"CHAMPION PRODUCTS, INC        "
31612A,CHANTILLY & R. & S.           
07752A,CHESAPEAKE BAY RUBBER & GASKET
77770A,CHESTERFIELD TRADING COMPANY  
56384A,"CHIMNEY LAWN MOWER, INC.      "
39900A,"CHLORINE SPECIALTIES, INC.    "
66493A,CHUMS INC.                    
60505A,"CIMTEC AUTOMATION, LLC        "
33579A,CINTAS CORPORATION            
46350A,CIRCUIT BREAKER SALES CO INC  
12037A,CLARK FEED CO                 
83166A,CLAYTON'S AUTO PARTS          
41232A,CLEVELAND MOTION CONTROLS     
66457A,"CML BATTERY DISTRIBUTOR, INC  "
00284A,COASTAL EQUIPMENT CORPORATION 
65196A,"COASTAL INDUSTRIAL, LTD.      "
32847A,"COASTAL PRODUCTS COMPANY, INC."
56827A,"COASTAL THREADS, INC.         "
55384A,COBB COUNTY TRACTOR           
02179A,COFFEY'S LOCK SHOP            
43497A,COGSDALE IMPLEMENT COMPANY    
08967A,COLE-PARMER INSTRUMENT CO.    
43269A,"COLONIAL CHEVROLET, INC.      "
25237A,COLONIAL CONSTRUCTION MATERIAL
00291A,"COLONIAL FORD TRUCK SALES, INC"
31953A,COLONIAL POWERLIFT INC        
24950A,COLONY TIRE                   
23290A,COMBS & ASSOCIATES            
14666A,COMMONWEALTH INDUSTRIAL SPEC  
82702A,CONCRETE SURFACING CORPORATION
62394A,CONSTRUCTION SAFETY PRODUCTS  
81075A,CONTAINMENT SOLUTIONS         
46623A,CONTROL CORPORATION OF AMERICA
61961A,CONTROL EQUIPMENT CO INC      
47213A,CONTROLS & INSTRUMENTATION CO 
80855A,CORROSION CONTROL PRODUCTS CO.
69447A,"CORRPRO COMPANIES, INC.       "
24665C,COSTCO                        
21922A,"COYNE CHEMICAL COMPANY, INC   "
12334A,COYNE TEXTILE SERVICES        
10185A,CRAFT FORKLIFT & MAT HANDLING 
22864A,"CRAFT MACHINE WORKS, INC      "
22627A,"CRAFT REPAIR, INC.            "
01933A,"CRANE RESEARCH & ENG CO, INC  "
02276A,CRENSHAW CORPORATION          
18540A,CREST FOODSERVICE EQUIP CO    
07150A,"CREST PRODUCTS, INC           "
28769A,"CRONATRON WELDING SYSTEMS, INC"
06425A,CRUTCHMAN MOTOR CORPORATION   
01397A,CRW AUTO AND TRUCK PARTS      
79695A,CT GASKETS INC                
80100A,CUMMINS ATLANTIC LLC          
11624A,"CUMMINS-WAGNER CO, INC        "
54746A,"CVL TECHNICAL SALES, INC.     "
07073B,"DAMUTH SERVICES, INC.         "
11182A,DANNY'S GLASS & MIRROR        
17191A,"DAPARAK, INC                  "
75827A,DARE MARINA                   
18322A,DAREX CORP                    
27192A,DAVIS INOTEK INSTRUMENTS      
76599A,DAYTONA MIG                   
02155A,DENBIGH PHARMACY              
16337B,DEZURIK                       
01508A,DIAMOND/GOODSON EQUIPMENT CO. 
05259A,DIBERT VALVE & FITTING CO     
79454A,"DICK'S SPORTING GOODS, INC    "
80910A,DIFFERENTIAL PRESSURE INSTRUM 
27009A,DIGI-KEY CORPORATION          
01151C,DILLON SUPPLY                 
15273A,DIRECT SAFETY COMPANY         
44569A,"DITCH WITCH OF CHARLOTTE, INC "
00382A,DITCH WITCH OF VIRGINIA       
26036A,DIXIE RV RENTALS LTD          
62569A,"DIXIE TRAILER, INC            "
51961A,DOMESTIC FUELS & LUBES        
59089A,DOMINION FLOOR COVERING       
12723A,DOMINION INTERIOR CORPORATION 
27595A,"DOMINION TECHNICAL SALES, INC."
23395A,DONALDSON CO                  
00395A,DOOR ENGINEERING CORPORATION  
38982A,DOUBLE EXPOSURE SCREEN PRINTIN
44585A,DOUGHERTY EQUIPMENT           
73909A,DOUGHTON MANUFACTURING CO     
00348A,DVF SPORTS                    
11675A,DWYER INSTRUMENTS INC         
71144A,DYERSBURG WINNELSON CO        
00406A,E & E AUTO PARTS              
28163A,E H WACHS CO.                 
80527A,"EAST COAST EQUIPMENT, LLC     "
30532A,"EAST PENN MFG. CO., INC.      "
02075A,EASTERN FLOOR COVERING        
43960A,EASTERN MIXING                
71992A,EASTERN SEABOARD PACKAGING    
00410A,ECK SUPPLY COMPANY            
57596A,"ECOLOCHEM, INC                "
00428B,ELECTRIC MOTOR & CONTRACTING  
01497A,ELECTRIC MOTOR SERVICE COMPANY
00429A,ELECTRICAL EQUIPMENT COMPANY  
11860A,"EMED CO, INC                  "
01318A,EMORYWILSON CO.               
00441A,EMPIRE MACHINERY & SUPPLY CORP
03314A,"EMPIRE SALES, INC             "
27331A,EMS INDUSTRIAL                
38358A,"ENDRESS & HAUSER, INC         "
44361A,"ENERGY EQUIPMENT, INC.        "
76210A,"ENERGY MANUFACTURING CO., INC."
18417A,ENGINEERED SYSTEMS & PRODS    
07756C,ENGINEERING EQUIP / TENCARVA  
59623A,ENTERPRISE EQUIPMENT &        
02632A,EVANS INC                     
61652A,EVERGREEN MIDWEST CO.         
73446A,"F.N. CUTHBERT, INC.           "
66056A,F.W. WEBB COMPANY             
06787A,FAIRBANKS SCALES              
20970A,FAST SIGNS                    
25318A,FASTENAL COMPANY              
70288A,FASTENING SYSTEMS OF VA       
12550A,FB ELECTRONICS                
78870A,FECON INC                     
68926A,FEMCO NO-SPILL SYSTEMS INC.   
00931A,"FERGUSON ENTERPRISES,#1000    "
00204A,"FERRELLGAS, L.P.              "
21271A,"FIBREX, INC                   "
49629A,FIDELITY ENGINEERING CORP.    
53668A,"FIRE FIGHTER PRODUCTS, INC.   "
00477A,FIRE-X CORP.                  
40414A,FISHER RESEARCH LABORATORY INC
59678A,"FLEET BROTHERS, INC.          "
08014A,FLEET PRIDE                   
08617A,"FLOMEC, INC                   "
07356A,"FLOW CONTROLS, INC.           "
16763A,FLOYD S. SALSER JR & ASSOCIATE
25623A,"FLUID CONSERVATION SYSTEMS,INC"
81698A,FORCE FLOW EQUIPMENT          
03315A,FORESTRY SUPPLIERS            
54488A,FORTILINE WATERWORKS          
70122A,FOUND.FOR CROSS CONNECT.CONTRL
70367A,FOWLERS CLASSIC SERVICES      
55781A,FOX BORO CO.                  
03311A,FOX VALLEY MARKING SYSTEM INC 
70996A,FRANKLIN EQUIPMENT COMPANY    
70663A,"FRESNO VALVES & CASTINGS, INC."
09308A,"FRISCHKORN,INC.               "
41737A,G E SUPPLY CO                 
82534A,GALCO INDUSTRIAL ELECTRONICS  
64417A,"GARDNER DENVER , INC          "
12202A,"GARDNER, O'CONNOR INC         "
73608A,"GARDNER, O'CONNOR INC         "
12379A,"GASKINS, FH CO, INC           "
00505A,GATELY COMMUNICATION COMPANY  
00161A,GCR TIRE CENTERS              
75970A,GE SENSING                    
53084A,GEMPLER'S                     
55540A,"GEMS SENSORS,INC              "
00511N,GENERAL ELECTRIC COMPANY      
48268A,GENERAL FOUNDRIES INC.        
00512A,GENERAL TECHNOLOGIES INC      
83153A,GENERAL TRUCK BODY I          
13906A,GENUINE PARTS CO.             
65712A,"GEOPRODUCTS,LLC               "
00511A,GEXPRO                        
03820A,GIBSON EQUIPMENT COMPANY INC  
04156A,GLOBAL INDUSTRIAL             
39123A,"GLOUCESTER EQUIPMENT, INC.    "
72985A,GLOUCESTER KUBOTA             
07834A,GODWIN MANUFACTURING          
00536A,GOODMAN HARDWARE COMPANY      
67200A,GOODMAN TRUCK & TRACTOR CO INC
10987A,GOPHER SPORT                  
71637A,"GORILLA-LIFT,DIV OF BACKSAVER "
73343A,GOVERNMENT SCIENTIFIC SOURCE  
71823A,"GRACE ELECTRONICS, LLC        "
68930A,GRAFTON ANIMAL HOSPITAL       
60283A,GRAFTON DODGE                 
06184A,GRAFTON TRUE VALUE            
05488B,"GRAINGER, W W COMPANY         "
76867A,GRANINGER MOBILE HOME & RV SUP
71745A,GRAVER TECHNOLOGIES           
00549A,"GRAYBAR ELECTRIC COMPANY, INC "
76616A,GREAT DANE LIMITED PARTNERSHIP
82727A,GREAT LAKES IPM INC.          
73302A,GREENLINE SERVICE CORP        
26561A,"GREER INDUSTRIES, INC         "
30623A,GREGORY POOLE EQUIPMENT CO.   
14092A,GREGORYS FLEET SUPPLY CORP.   
10485B,GRINNELL CORPORATION          
01493A,H & H RADIATOR & AIR CONDITION
01854A,HACH COMPANY                  
06665A,HAJOCA CORP                   
00258B,HALL FORD                     
01717A,"HAMPTON MACHINE SHOP, INC     "
00568A,HAMPTON MOTOR CORP            
00578A,"HAMPTON SHEET METAL, INC      "
10730A,"HANSON PRESSURE PIPE, INC.    "
82354A,HARBOR FREIGHT TOOLS          
07345A,HARDWOOD MULCH CORP           
44328A,HARRIS TEETER                 
00586A,HARRIS TRUCK & AUTO BODY SHOP 
77552A,HD SUPPLY CONSTRUCTION SUPPLY 
81393A,HD SUPPLY FACILITIES MAINTENAN
75270A,"HD SUPPLY WATERWORKS, INC.    "
73961A,HEATMAX  INC                  
65141A,HECO SLINGS CORP              
24092A,HENRY PRATT COMPANY           
01859A,"HERBERT, JO III CO, INC       "
27168B,HERCULES FENCE CO INC         
31801A,HERMITAGE AUTOMATION          
00599A,"HEROD SEEDS, INC              "
04133C,"HERSEY PRODUCTS, INC          "
13964A,HERTZ EQUIPMENT RENTAL CORP   
01860A,"HIBBARD'S IRON WORKS, INC     "
01435A,"HIGHSMITH COMPANY, INC        "
11013A,HI-TECH ENGRAVING             
00615B,"HOFFMAN INDUSTRIES, INC       "
48284A,HOME DEPOT                    
00622K,"HONEYWELL, INC.               "
02568A,HOP'S PLACE                   
00625A,HORNSBY TIRE CO               
00628A,HOWELLS UPHOLSTERY            
46518A,HUBBLE.COM                    
14811A,"HUGHES SUPPLY, INC.           "
00633A,"HUTCHENS CHEVROLET, INC       "
07610A,HYDRA-HOSE & SUPPLY CO        
46171A,HYDRAULIC & PNEUMATIC SYSTEMS 
02248A,HYDRAULIC REPAIR              
00635A,"HYDRAULIC SERVICE COMPANY, INC"
63891A,HYDRO TERRA PRODUCTS          
70479A,"I & M INDUSTRIALS, INC.       "
17112A,IMO INDUSTRIES-JEM SENSORS DIV
24865A,"IN USA, INC.                  "
79459A,INDUSTRIAL CONTROLS DISTRIBUTO
15553A,"INDUSTRIAL DIESEL, INC.       "
79378A,INDUSTRIAL ELECTRONICS CORP   
00653A,INGERSOLL RAND COMPANY        
72279A,"IN-SITU, INC                  "
69511A,"INTERIOR DISTRIBUTORS, INC.   "
37461A,"INTERLINK COMPUTERS, INC.     "
21421A,INTERLUBE CORP                
82587A,INTERNATIONAL TRUCK SALES     
24214A,IRELAND ELECTRIC COMPANY      
65716A,IRON MOUNTAIN RECORDS MGMT.   
10800A,ISLE OF WIGHT MATERIALS CO INC
79484A,J B O'CONNOR INC              
39069A,J S DISMUTE                   
00618A,J. HENRY HOLLAND              
58365A,"J.A. LAVOIE EQUIPMENT SALES,IN"
78278A,JAMECO ELEC. LTD.             
72815A,JAMES E. DOOLEY COMPANY       
00680A,JAMES RIVER EQUIPMENT & SUPPLY
14381A,"JAMES RIVER EQUIPMENT, INC    "
00686B,JCI JONES CHEMICALS INC       
07772A,"JOBE & CO., INC.              "
08493B,JOHN DEERE LANDSCAPES         
16538B,JOHN DEERE LANDSCAPES         
01443B,"JOHNSON CONTROLS, INC         "
05981A,JOHNSTON PUMP COMPANY         
08632A,JOHNSTONE SUPPLY              
12768A,"JO-KELL, INC                  "
03812B,JONES & FRANK CORP            
23958A,"JORDAN CONTROLS, INC.         "
67109A,JRB CONTROLS INC              
07684A,"K & W AUTO PARTS, INC         "
82799A,KAMAN INDUSTRIAL TECHNOLOGIES 
38483A,KANO LABORATORIES             
40737A,KIRK'S LUMBER COMPANY         
01724D,"K-MART, SUPER                 "
00714A,"KORMAN SIGNS, INC.            "
12987A,"KRAMER TIRE CO, INC           "
74483A,"KROHNE, INC                   "
28688A,KWK GRAPHICS                  
48908A,L.W. SMITH SUPPLY COMPANY     
32236A,LAB SAFETY SUPPLY             
79674A,LABEL MASTER                  
82707A,"LABSOURCE, INC.               "
06445A,"LANCASTER FARMS, INCORPORATED "
04353A,"LAND & COATES, INC            "
38984A,LANDS' END                    
26480A,LANSING BUILDING PRODUCTS     
69799A,"LARRY ARNTZ, INC.             "
52661A,LAW ENFORCEMENT SUPPLY CO.    
43633A,LAWN VENTURES                 
00728A,LAWSON PRODUCTS               
82281A,LB WATER                      
00731A,LEE'S AUTO UPHOLSTERY         
51132A,LEWIS MANUFACTURING           
06658A,LIEBERT CORPORATION           
01772A,LIGHTS LOCK & KEY SHOP        
27472B,"LOWE'S HOME CENTER, INC.#420  "
77288A,"LYNN HENDRIX EQUIPMENT,LLC    "
34263A,"MACROSEAL, INC                "
44689A,MAGYAR & ASSOCIATES           
79137A,MAINLINE SUPPLY OF ASHEVILLE  
00785A,"MAJOR SAFETY SERVICES, INC    "
23548A,"MANCON, INC                   "
00792A,"MANLEY'S SERVICE CO, INC      "
05919A,"MARCO SUPPLY CO, INC          "
45246A,MARTIN MARIETTA & AGGREGATES  
32906A,"MATERIAL HANDLING SUPPLY, INC."
10122A,MAYER ELECTRIC SUPPLY CO INC  
00807A,"MAYO'S GARDEN SUPPLY, INC     "
01083A,MCCLUNG-LOGAN EQUIPMENT CO INC
00770A,"MCDONALD NURSERIES, INC       "
82998A,MCLENDON TRAILERS             
04769A,MCMASTER CARR SUPPLY CO       
74885A,MCNICHOLS CO.                 
38680B,MCWANE CORPORATION            
08730A,"MEADOWS, BEN COMPANY, INC     "
34707A,MEASUREMENT & CONTROL PRODUCTS
73852A,MET PRO CORP                  
64348A,METALLOY INDUSTRIES INC.      
19765A,METTLER TOLEDO                
81618A,MID ATLANTIC SERVICES         
30899A,MID-ATLANTIC CONTROLS CORP    
38388A,MID-ATLANTIC ENTRY SYSTEM     
68541A,MID-ATLANTIC ENVIRON. EQUIP   
19968A,MID-ATLANTIC TRAILER SALES &  
09691A,MILLER SUPPLY CO              
12433B,MINE SAFETY APPLIANCE CO (MSA)
00834A,MITCHELL DISTRIBUTING CO      
22873A,MITCHELL INSTRUMENT CO        
40432A,MOHAWK RESOURCES              
82511A,"MOSS COMPANY, ROSCOE          "
74408A,MOTION INDUSTRIES INC.        
69887A,MOUSER ELECTRONICS            
28572A,MPI FASTECH                   
00856A,"MSC EQUIPMENT, INC            "
61830A,MT ELECTRONICS                
07633A,MUGLER                        
63695A,MUNICIPAL EMERGENCY SERVICES  
12763A,MURPHY'S PROPELLER SHOP       
08538A,NALCO CHEMICAL CO             
02181A,NANSEMOND PRE-CAST CONCRETE CO
13345A,"NANSEMOND TRACTOR, INC.       "
54813A,NAPA AUTO PARTS INC.          
01029A,"NAPA AUTO PARTS, INC          "
52848A,NASCO                         
34812A,NATIONAL POWER CORPORATION    
65992A,"NATIONAL WATERWORKS, INC.     "
04824A,NCH CORP/PARTSMASTER          
45154A,NED'S MARINE & AUTO CENTER    
33981A,"NEENAH FOUNDRY, CO            "
54640A,"NEFF RENTAL, INC.             "
82286A,NELVA CORP.                   
61957A,NEPTUNE TECHNOLOGY            
34154A,NEW PIG                       
07728A,NEWARK INONE                  
29523A,NEWPORT MARINE INC            
00877A,"NEWSOME, ART, INC             "
00879A,NOLAND COMPANY                
56145A,NORFOLK BEARINGS & SUPPLY     
27303A,NORFOLK MARINE CO. INC.       
00883A,"NORFOLK TRUCK CENTER, INC     "
58785A,NORFOLK WIRE & ELECTRONIC     
01984A,NORTH AMERICAN SIGNAL COMPANY 
72162A,NORTH AMERICAN TOOL & EQUIPMEN
64851A,NORTHERN SAFETY CO. INC.      
81500A,NORTHERN TOOL AND EQUIPMENT   
06071A,"NORTON, J H COMPANY           "
00887A,"NORVA PLASTICS, INC           "
13296A,OBBCO SAFETY & SUPPLY         
02175B,"OCEAN PRODUCTS RESEARCH, INC  "
23022C,"OFFICEMAX, INC.               "
13797A,OIL EQUIPMENT SALES & SERVICE 
15714A,OLD DOMINION ELECTRICAL SUPPLY
06943A,OMC PARTS & ACCESSORIES       
15233A,"OMEGA ENGINEERING, INC        "
71031A,"OMNI CONTROLS, INC.           "
72541A,ONYX VALVE                    
82908A,ORANGE RESEARCH INC           
73941A,OSBORN INTERNATIONAL          
68898A,OSTI INC (OZONE SYSTEMS & T   
01946A,OVERHEAD DOOR CO. OF NORFOLK  
00944A,OYSTER POINT KIA              
54444A,P Q CONTROLS                  
27402A,P.B.E. INC.                   
03579A,PAINT SUPPLY CO INC.          
03887A,"PAPCO COMPANY, INC            "
61622A,"PARKER BATTERY, INC           "
46888B,PARKER HANNIFIN CORP          
14796A,PARKER SAFETY & SUPPLY        
13087A,PARKER SYSTEMS INC            
26657A,PARR EMERGENCY PRODUCT SALES  
34739A,"PARTS & MORE, INC.            "
70966A,PATSY SOREY                   
51153A,PATTONS INC.                  
00927A,PAXTON COMPANY                
24244A,"PD BROOKS COMPNY, INC         "
00934A,"PEMBROKE CONSTRUCTION CO, INC "
00945A,PENINSULA ELECTRIC MOTOR SVC  
27305A,PENINSULA FEED & SEED         
27305B,"PENINSULA HARDWOOD, INC.      "
49528A,PENINSULA SCREEN DESIGN       
09773A,PENINSULA SHEET METAL INC     
14301A,"PEP BOYS - MANNY, MOE & JACK  "
27942A,"PERDUE CONTRACTOR, INC.       "
61653A,PETER SKOP INDUS. INC (PSI)   
56339A,PETERBILT OF DUNN             
01990A,PETE'S USED AUTO PARTS        
35937A,"PETE'S USED PARTS, INC.       "
75974A,"PETRO SUPPLY, INC.            "
54661A,PITT AUTO ELECTRIC COMPANY    
05285A,PNUCOR                        
09695A,POLLARD WATER                 
77217A,POMOCO DODGE                  
02346A,POOL'S WINDOW & DOOR SERVICE  
09036A,POP 'S MARINESALES & SERVICES 
05646A,"PORTSMOUTH TRAILER SUPPLY, INC"
63012A,POWER UTILITY PRODUCTS        
28476A,POWERHOUSE EQUIP. CO          
61633A,"POWERSCREEN MID-ATLANTIC, INC "
38643A,"PRECISION GLASS & MIRROR, INC "
46520A,"PRECISION POWER, LLC          "
00988A,"PRIEST ELECTRONICS, INC       "
39122A,"PRINTING WRIGHT, LLC          "
81631A,PRIORITY NISSAN               
15455A,"PROCESS SPECIALTIES,INC.      "
08915A,"PRO-CHEM, INC                 "
49654A,PROCOMM                       
43721A,PROCON PRODUCTS               
72524A,PS DOORS                      
74795A,PS INTERNATIONAL INC.         
24265A,PUGH LUBRICANTS               
13371A,PULSAFEEDER INC               
07756A,"PULSAFEEDER, INC.             "
79963A,"PUMPS, PARTS & SERVICE, INC   "
20759B,"QUANTUM CONTROLS, INC         "
00819C,"R E MICHEL COMPANY, INC       "
82119A,R. A. WHITFIELD MANUFACTURING 
00819B,"R. E. MICHEL CO, INC          "
01008B,RADIO SHACK                   
04382A,RAMSEY EQUIPMENT CO           
63952A,RAPPAHANNOCK TRACTOR          
32223A,READING EQUIP. & DIST. INC.   
59841A,REDDICK EQUIPMENT CO.         
72139A,REDNECK TRAILER SUPPLIES      
01591A,"REID'S TRAILER, INC.          "
03824B,RENTAL SERVICE CORPORATION    
00430A,REXEL                         
52834A,REXEL                         
71961A,REYNOLDS ELECTRONICS          
29976A,"RHOMAR INDUSTRIES, INC.       "
05983C,"RICHARDSON ELECTRONICS, LTD   "
01025A,RICHMAN STEEL & FABRICATION   
10276A,RICHMOND ELECTRIC SUPPLY CO.  
01027A,RICHMOND MACHINERY & EQUIP CO 
34949A,RICHMOND STEEL                
67372A,RISH EQUIPMENT COMPANY        
01034A,"RITZ CAMERA CENTER, INC       "
45147A,"RIVERCRAFT MARINE, INC.       "
75380A,RJM SALES INC                 
54926A,ROBERT MCKEOWN                
22161A,ROBERTS OXYGEN COMPANY INC.   
23075A,RODNEY HUNT CO                
18025A,RONAN ENGINEERING COMPANY     
20532A,"RONS MARINE EQUIPMENT, INC    "
39479A,ROSEMOUNT ANALYTICAL INC.     
15997A,"ROSEMOUNT, INC                "
02002A,ROSENBAUM FENCE COMPANY       
80576A,RUSH TRUCK CENTER             
26160A,RYAN HERCO PRODUCTS           
46408A,"S E BURKS SALES CO, INC       "
05654A,SAFETY KLEEN CORPORATION      
11314B,"SAFEWARE, INC                 "
00102A,"SALES SYSTEMS, LTD            "
00143A,SAUNDERS SUPPLY CO INC        
73435A,SAXONIA STEEL INC.            
68940A,SAYRE ENTERPRISES INCORPORATED
64376A,SCHOOLOUTFITTERS.COM          
12403B,SCOTT INSTRUMENTS             
00189A,SEARS                         
01168A,SELIG INDUSTRIES/NAT SVC      
76836A,SEMO TRAILER SALES            
02861A,SENSUS METERING SYSTEMS-N.A.  
09770A,SETON IDENTIFICATION PRODUCTS 
37536C,SEVERN TRENT WATER PURIFICATIO
23320A,"SHARPE SAFETY SUPPLY, INC     "
01071B,SHAWELS TV & APPLIANCE CO     
47547A,SHELL OIL PRODUCTS            
55262A,"SHERRILL,INC.                 "
01075A,SHERWIN WILLIAMS COMPANY      
26834B,SHERWOOD LOGAN                
27893A,SHORE EQUIPMENT COMPANY       
08421A,SHORTY WALLIN & SON LOCK SHOP 
59798A,SIEMENS ENERGY & AUTOMATION   
54601A,SIEMENS WATER TECHNOLOGIES    
24492A,SILENTAIR TECHNOLOGIES        
44385A,SILER ENVIRONMENTAL EQUIP CO  
57818B,SIMPLEX INC                   
21627A,SLAGLE FIRE EQUIPMENT & SUPPLY
32401A,SMITH & BROOKS                
80082A,SNAP-ON-TOOLS                 
67919A,SOLIDEAL TIRE INC.            
78845A,SOLO HORTON BRUSHES INC       
46184A,SOLO INCORPORATED             
00813A,"SONNY MERRYMAN, INC           "
61288A,"SOUND OFF, INC.               "
05963A,"SOUTHEASTERN REPAIR SVC, INC  "
81620A,SOUTHERN FARM EQUIPMENT       
01480A,SOUTHERN PLUMBING & HEATING   
05255A,SOUTHERN POLICE               
01102A,SOUTHERN STATES WILLIAMSBURG  
02102A,"SPARLING INSTRUMENTS CO, INC  "
45570A,"SPAULDING MANUFACTURING, INC. "
38205A,SPECIAL FLEET SERVICE         
01523B,"SPIVEY RENTALS, INC           "
02103A,"SPORTS, INCORPORATED          "
24856A,"SPRING MENDERS, INC.          "
23544A,SPX VALVES & CONTROLS         
01676A,STANDARD PARTS CORP           
79014A,STANLEY SECURITY SOLUTIONS INC
82793A,STAR LIGHTING PRODUCTS        
02971A,STATE CHEMICAL MANUFACTURING  
79189A,STATEWIDE FIRE PROTECTION     
01123A,STEEL SERVICES                
62537A,STERLING ENGINEERED SALES     
01127A,"STEVENSON TRACTOR, INC        "
03198A,STEVE'S RADIATOR SERVICE      
26692A,STITCHWORKS                   
48885A,"STO-AWAY POWER CRANES, INC.   "
20957A,STUFF INC                     
81810A,SUBURBAN MANUFACTURING  INC   
20128A,"SUFFOLK ENERGIES, INC.        "
11552A,SUFFOLK SANITARY SUPPLY CO INC
32292A,SUNBELT RENTALS PUMP & POWER  
77626A,SUPERIOR LAMP INC             
36088A,SUPERIOR TRAILER SALES        
23631C,"SUPPLY ROOM COMPANIES, INC    "
73865A,"SURE POWER, INC.              "
26489A,SURRY EQUIPMENT               
05563A,SUTTLE MOTOR CORPORATION      
34661A,"SUTTON-CLARK SUPPLY, INC      "
01373B,SYDNOR HYDRO INC              
03173A,SYDNOR HYDRODYNAMICS          
83079A,SYSTEMATIC CONTROLS CORP      
44668A,"TAILGATER, INC.               "
68113A,TAPESWITCH CORPORATION        
79911A,TAPPING MACHINE REPAIRE SVC LL
18309A,"TATE ENGINEERING, INC         "
21193A,T-BODY SHIRTS                 
22310A,TECH OF HAMPTON ROADS         
06625B,TENCARVA MACHINERY COMPANY    
66919A,"TEREX UTILITIES SOUTH, INC.   "
14825A,TERRELL'S                     
03188A,TESSCO INCORPORATED           
75284A,THE MASSEY COMPANY            
58193A,"THE PAIGE COMPANY, INC        "
02651A,THE SIGN SHOP OF NEWPORT NEWS 
78031A,"THFN,LLC                      "
01200A,THOS SOMERVILLE COMPANY       
80435A,THREE M TOOL                  
01177A,TIDEWATER AIR FILTER & FAB INC
69552A,TIDEWATER BUMPER SERVICE      
46920A,TIDEWATER CONVEYOR INC.       
69607A,"TIDEWATER FLEET SUPPLY, LLC   "
43909A,TIDEWATER INTERIOR PRODUCTS   
44834A,TIDEWATER OVERHEAD DOOR       
01194A,"TIRE CITY, INC                "
43407A,"TLA, INC.                     "
77964A,TOOLFETCH.COM                 
71754A,"TOOLS RENEWED, INC            "
26525A,TRANE COMPANY                 
16590A,"TREATED LUMBER OUTLET INC, THE"
82388A,TRI NORTH LIGHTING            
17731A,TRI-DIM FILTRATION CORP       
03257A,TRIPORT SUPPLY COMPANY INC    
80265A,TRUCK ENTERPRRISES INC        
67628A,"TRUCK PRO, INC.               "
01218B,TURF AND GARDEN               
73957A,TURNER DESIGNS                
01340A,"TWEED'S LOCKSMITH, INC        "
28402A,TYSINGER MOTORS               
83112A,U. S. BOAT WORKS              
70316A,"U.S. SOFT WIPING CLOTH, INC   "
46551A,"ULINE, INC.                   "
56804A,UNIFORMS MANUFACTURING        
35436A,UNIQUE TRUCK                  
51269A,"UNITED REFRIGERATION, INC     "
56635B,UNITED RENTALS INC            
36322A,UNITED ROTARY BRUSH CORP      
52816A,"UNIVAR USA, INC.              "
37868A,UNIVERSAL AIR PRODUCTS        
48690A,UNIVERSAL SILENCER            
46180B,US FILTER                     
44482A,US PLASTIC CORP.              
71055A,"UTECO, INC.                   "
24019A,UTILITY INSTRUMENTS DIVISION  
25041A,"UTILITY SUPPLY OF AMERICA, INC"
14843A,VA AIR DISTRIBUTORS           
42063A,"VA CAROLINA CONTROLS CO., INC."
25848A,VA FLUID POWER INC            
25990A,"VA FORKLIFT, INC              "
19924A,"VA RV SALES, INC              "
05012A,VA TECHNICAL ASSOCIATES       
16972A,"VA TRAILER AND TRUCK BODY, INC"
77625A,VA. TRACTOR & EQUIPMENT       
47849A,VA. TRUCK CENTER OF RICHMOND  
26994A,VAC-U-MAX                     
13957A,"VALLEY MAINTENANCE SUPPLY, INC"
40915A,VALVE AUTOMATION CENTER       
21452A,"VARHOLY, EJ AND SONS, INC     "
62829A,VBS INC. MATERIAL HANDLING EQU
75080A,VE VISION ENTERPRISES LLC     
01245A,"VERMEER SALES & SERVICE OF VA,"
20751A,VIKING OFFICE PRODUCTS        
04092A,"VIRGINIA BOX,INC              "
51486A,VIRGINIA ELECTRONIC COMPONENTS
07144A,VIRGINIA LAB SUPPLY           
10070A,VIRGINIA REFRIGERATION SUPPLIE
70305A,VIRGINIA RUBBER CORP.         
44345A,VIRGINIA TRUCK CENTER         
32735A,VIRGINIA TRUCKING ASSOCIATION 
00133C,VWR SCIENTIFIC PRODUCTS       
74329A,"W G LESEMANN & ASSOCIATES, INC"
52779A,WALGREEN DRUG STORE           
01916A,"WALKER & LABERGE COMPANY, INC "
24027A,"WALL ENTERPRISES, INC         "
22203B,"WAL-MART STORES, INC          "
72171A,"WATER WORKS, INC              "
01288A,"WATERFRONT LUMBER COMPANY, INC"
26948A,"WATERGUARD, INC               "
61904A,WATSON-MARLOW BREDEL PUMPS    
17036A,"WAYTEK, INC                   "
01295A,WENGER CORPORATION            
10743A,WERRES CORPORATION            
01298A,"WESCO DISTRIBUTION, INC.      "
42387A,"WEST MARINE PRODUCTS, INC     "
02096A,"WESTERN BRANCH DIESEL, INC    "
06512A,"WETSEL SEED CO, INC           "
09180A,WHELEN ENGINEERING CO. INC.   
00250A,"WHITE OAK EQUIPMENT, INC      "
01304A,"WHITLOCK BROTHERS, INC        "
17868A,"WILBAR TRUCK EQUIPMENT, INC   "
27961A,WILL-BURT COMPANY             
81730A,"WILLIAMS INDUSTRIAL REPAIR, IN"
13014A,WILLIAMSON & WILMER           
28448A,"WILSON, JOHN J., ASSOC., INC. "
13936A,"WOMBLE GENERATOR SERVICE, INC."
07591A,WOOD EQUIPMENT COMPANY        
44969A,"WOODS ORCHARD, INC.           "
38233A,WYNNE FORD                    
24770A,YOKOGAWA CORP. OF AMERICA     
06304B,"YORK BOLT, INC                "
57865A,ZENMAR POWER TOOLS & HOISTS   
02380A,ZEP MANUFACTURING COMPANY     
36962B,ZIEGLER PLUMBING & SEWER INC  
74221A,"ZOOK ENTERPRISES, LLC         "
